Top pages,Clicks,Impressions,CTR,Position
https://www.msu.edu.in/blog/cbse-10th-second-result-2026-score-marksheet,1344,65621,2.05%,6.67
https://www.msu.edu.in/blog/top-paramedical-courses-after-12th-with-high-salary-potential,1019,145898,0.7%,6.87
https://www.msu.edu.in/blog/top-in-demand-skills-students-must-learn-in-2026,958,160794,0.6%,6.17
https://www.msu.edu.in/blog/career-options-after-12th-science-pcb-medical-and-non-medical-paths-explained,956,177393,0.54%,6.19
https://www.msu.edu.in/blog/building-a-career-in-optometry-know-all-about-the-optometry-programme,781,196469,0.4%,6.5
https://www.msu.edu.in/blog/top-career-opportunities-after-a-bsc-in-medical-lab-technology,746,152813,0.49%,5.32
https://www.msu.edu.in/blog/career-options-after-12th-arts-high-growth-fields-you-should-consider,723,151841,0.48%,6.46
https://www.msu.edu.in/blog/nursing-jobs-in-germany-for-indian-nurses-latest-trends-and-opportunities,701,87970,0.8%,5.92
https://www.msu.edu.in/blog/best-career-options-after-12th-in-2026-complete-guide-for-students,567,104285,0.54%,7.09
https://www.msu.edu.in/blog/why-choose-a-career-in-nutrition-and-dietetics-top-benefits-and-opportunities,438,81729,0.54%,7.55
https://www.msu.edu.in/blog/top-5-skills-universities-in-india-2026-best-skill-based-universities-for-career-ready-education,431,13734,3.14%,5.29
https://www.msu.edu.in/blog/skill-based-courses-after-12th-job-opportunities,426,27997,1.52%,5.77
https://www.msu.edu.in/blog/career-options-after-12th-commerce-without-maths-best-courses-and-scope,416,88720,0.47%,6.37
https://www.msu.edu.in/blog/why-engineering-colleges-are-closing-in-india,404,21433,1.88%,5.68
https://www.msu.edu.in/blog/why-an-integrated-btech-in-ai-ml-with-polaris-school-of-technology-is-the-smartest-path-to-a-future-proof-tech-career,379,119173,0.32%,8.06
https://www.msu.edu.in/blog/skill-based-education-in-india-why-it-s-the-future-after-nep-2026,363,32902,1.1%,4.76
https://www.msu.edu.in/blog/the-future-of-work-how-technology-is-changing-the-workplace,357,46593,0.77%,9.53
https://www.msu.edu.in/blog/dialysis-dental-nurse-jobs-in-germany-your-path-to-a-rewarding-nursing-career-abroad,322,16935,1.9%,4.94
https://www.msu.edu.in/blog/career-scope-after-bsc-dialysis-technology-jobs-in-hospitals-clinics-home-care,318,37876,0.84%,4.16
https://www.msu.edu.in/blog/top-healthcare-courses-after-12th-nursing-pharmacy-and-allied-health-career,312,59081,0.53%,7.73
https://www.msu.edu.in/blog/how-to-become-an-automotive-technician-in-germany-a-step-by-step-guide,305,29155,1.05%,5.64
https://www.msu.edu.in/blog/gate-xh-for-humanities-students-iits,289,20423,1.42%,5.16
https://www.msu.edu.in/blog/future-of-business-2026-trends-innovations-and-opportunities-shaping-tomorrow,286,94484,0.3%,4.44
https://www.msu.edu.in/blog/unlock-the-secrets-of-the-travel-industry-hospitality-and-tourism-management-explained,270,47522,0.57%,6.78
https://www.msu.edu.in/blog/essential-skills-every-physiotherapist-must-have,265,23181,1.14%,6.38
https://www.msu.edu.in/blog/pharmacy-courses-after-12th-b-pharm-d-pharm-and-career-scope,244,96547,0.25%,6.98
https://www.msu.edu.in/blog/nursing-as-a-career-after-12th-scope-salary-and-growth-opportuniti,236,49832,0.47%,6.34
https://www.msu.edu.in/blog/psychology-of-learning-how-students-learn-best-and-strategies-for-effective-education,230,16572,1.39%,7.56
https://www.msu.edu.in/blog/work-integrated-learning-how-students-earn-while-they-learn,222,11297,1.97%,6.77
https://www.msu.edu.in/blog/know-all-about-apprenticeship-embedded-degree-programs-and-their-benefits,217,27503,0.79%,6.33
https://www.msu.edu.in/blog/german-language-requirements-for-nursing-jobs-in-germany-for-indians-a1-to-b2-levels-explained,215,45634,0.47%,5.19
https://www.msu.edu.in/blog/staff-nurse-vacancies-in-germany-what-to-expect-in-2025,215,41709,0.52%,8.91
https://www.msu.edu.in/blog/career-scopes-after-bsc-in-radiology-and-medical-imaging-technology-in-2023,212,78267,0.27%,7.79
https://www.msu.edu.in/blog/diploma-vs-degree-after-12th-what-s-better-for-your-career,183,24612,0.74%,5.47
https://www.msu.edu.in/blog/outstanding-career-options-after-bca-in-2026,180,62326,0.29%,6.66
https://www.msu.edu.in/blog/a-comprehensive-guide-to-nursing-jobs-in-germany-for-foreigners,172,59957,0.29%,5.56
https://www.msu.edu.in/blog/on-the-job-training-in-hotel-management-how-it-boosts-students-careers,172,15501,1.11%,4.43
https://www.msu.edu.in/blog/ugcs-revamped-curriculum-and-credit-method-a-detailed-analysis,155,15810,0.98%,5.9
https://www.msu.edu.in/blog/top-reasons-to-pursue-a-bsc-in-dialysis-technology-in-2025,144,39734,0.36%,6.05
https://www.msu.edu.in/blog/skills-vs-degrees-indian-employers-prefer-skills,142,6863,2.07%,5.14
https://www.msu.edu.in/blog/how-to-choose-the-right-career-path-after-12th-a-complete-guide-for-2026,129,9947,1.3%,6.46
https://www.msu.edu.in/blog/career-prospects-after-studying-b-sc-in-hospitality-and-hotel-management,121,21844,0.55%,6.79
https://www.msu.edu.in/blog/what-is-a-bachelor-in-optometry-career-paths-and-opportunities,115,36421,0.32%,6.1
https://www.msu.edu.in/blog/testas-exam-fees-dates-and-centers-in-india,107,14062,0.76%,5.79
https://www.msu.edu.in/blog/on-the-job-training-the-secret-to-building-industry-ready-skills,106,33808,0.31%,5.32
https://www.msu.edu.in/blog/is-bba-in-hospital-administration-a-good-career-choice,104,28949,0.36%,5.64
https://www.msu.edu.in/blog/top-benefits-of-working-as-an-automotive-technician-in-germany,104,27370,0.38%,7.45
https://www.msu.edu.in/blog/the-national-credit-framework-ncrf-a-potential-game-changer-for-indias-education-system,104,20697,0.5%,6.09
https://www.msu.edu.in/blog/career-scopes-after-b.sc-in-radiology-and-medical-imaging-technology-in-2023,92,23076,0.4%,5.74
https://www.msu.edu.in/blog/why-skill-based-education-is-important-in-this-era,92,7010,1.31%,6.15
https://www.msu.edu.in/blog/how-technology-is-changing-hospitality-industry,92,4487,2.05%,10.22
https://www.msu.edu.in/blog/how-to-check-cuet-ug-2025-result-and-unlock-scholarship-opportunities-at-medhavi-skills-university,90,11194,0.8%,4.09
https://www.msu.edu.in/blog/get-100-scholarships-and-financial-aid-at-medhavi-skills-university-for-your-higher-education,87,13224,0.66%,6.81
https://www.msu.edu.in/blog/future-proof-careers-after-12th-courses-that-will-dominate-the-next-decade,86,17084,0.5%,8.28
https://www.msu.edu.in/blog/why-skill-universities-are-the-future-of-higher-education-in-india,82,8406,0.98%,6.49
https://www.msu.edu.in/blog/heres-how-medhavi-skills-university-and-emversity-are-redefining-medical-lab-technolog-education,81,17822,0.45%,8.03
https://www.msu.edu.in/blog/computer-science-courses-after-12th-bca-btech-emerging-careers,80,25133,0.32%,6.65
https://www.msu.edu.in/blog/skill-university-vs-traditional-university-which-is-better-in-2026,79,3588,2.2%,5.48
https://www.msu.edu.in/blog/build-your-career-in-clinical-psychology-education-opportunities-and-salary-insights,77,4481,1.72%,6.88
https://www.msu.edu.in/blog/inside-the-lab-critical-skills-every-aspiring-pharmacist-must-master-while-studying-bpharm,75,21880,0.34%,7.23
https://www.msu.edu.in/blog/career-prospects-after-studying-bvoc-in-cosmetology,73,11258,0.65%,5.76
https://www.msu.edu.in/blog/foreign-student-enrolment-india-47-percent-rise-aishe,73,7177,1.02%,6.64
https://www.msu.edu.in/blog/the-role-of-hospitality-in-the-tourism-industry,68,7421,0.92%,12.81
https://www.msu.edu.in/blog/recognition-of-prior-learning-turning-experience-into-qualifications,68,5302,1.28%,6.58
https://www.msu.edu.in/blog/nursing-jobs-in-germany-for-indian-nurses:-latest-trends-and-opportunities,67,18862,0.36%,4.1
https://www.msu.edu.in/blog/how-to-become-an-automotive-technician-in-germany:-a-step-by-step-guide,65,9776,0.66%,5.11
https://www.msu.edu.in/blog/why-germany-is-the-best-destination-for-indian-nurses-in-2026,64,11031,0.58%,6.21
https://www.msu.edu.in/blog/why-ai-machine-learning-are-the-future-of-technology,63,19573,0.32%,9.96
https://www.msu.edu.in/blog/best-reasons-to-choose-professional-accounting-as-a-career,61,9893,0.62%,9.86
https://www.msu.edu.in/blog/everything-you-need-to-know-about-bachelor-of-medical-laboratory-science,60,34181,0.18%,7.37
https://www.msu.edu.in/blog/why-choose-a-bsc-in-animation-and-vfx-career-opportunities-future-prospects,59,17674,0.33%,11.48
https://www.msu.edu.in/blog/career-prospects-after-studying-bachelors-in-optometry,57,21072,0.27%,7.03
https://www.msu.edu.in/blog/inside-the-labs-exploring-top-allied-health-sciences-careers-after-12th,56,12314,0.45%,6.59
https://www.msu.edu.in/blog/barbeque-nation-and-msu-launch-dvoc-in-hospitality-and-restaurant-operations-to-drive-workforce-upskilling-in-hospitality,55,3491,1.58%,7.69
https://www.msu.edu.in/blog/how-msu-and-nif-global-are-powering-the-creative-economy,53,8555,0.62%,5.56
https://www.msu.edu.in/blog/mlt-course-medical-lab-technician-career-prospects,52,31929,0.16%,9.54
https://www.msu.edu.in/blog/what-is-the-testas-exam-complete-guide-for-indian-students,51,16004,0.32%,7.42
https://www.msu.edu.in/blog/skills-and-labs-that-make-a-b-tech-computer-science-graduate-industry-ready,49,13032,0.38%,6.74
https://www.msu.edu.in/blog/build-career-in-emergency-and-critical-care-technology-skill-requirements,49,9341,0.52%,7.28
https://www.msu.edu.in/blog/skill-based-learning-in-operation-theatre-technology-how-advanced-labs-empower-students,48,6079,0.79%,5.72
https://www.msu.edu.in/blog/the-future-of-higher-education-understanding-the-impact-of-nep-2020-1,47,16188,0.29%,7.13
https://www.msu.edu.in/blog/top-career-oriented-courses-after-12th-in-sikkim,45,2510,1.79%,6.08
https://www.msu.edu.in/blog/top-5-benefits-of-studying-at-medhavi-skills-university,42,5099,0.82%,6.69
https://www.msu.edu.in/blog/the-national-credit-framework-ncrf-a-potential-game-changer-for-india’s-education-system,41,20085,0.2%,4.69
https://www.msu.edu.in/blog/career-pathways-in-biotechnology-research-pharma-and-bioinformatics,41,11393,0.36%,6.4
https://www.msu.edu.in/blog/best-university-in-sikkim,41,9639,0.43%,7.54
https://www.msu.edu.in/blog/courses-after-12th-global-career-opportunities,40,3795,1.05%,6.16
https://www.msu.edu.in/blog/top-10-benefits-of-studying-at-a-skill-university-in-india,39,5149,0.76%,5.2
https://www.msu.edu.in/blog/admissions-at-msu-10-most-common-questions-answered,39,4926,0.79%,5.73
https://www.msu.edu.in/blog/why-pursue-a-degree-in-psychology-exploring-career-and-learning-opportunities,38,5109,0.74%,4.68
https://www.msu.edu.in/blog/essential-skills-every-emergency-medical-technician-must-master,37,7841,0.47%,6.17
https://www.msu.edu.in/blog/from-lab-practice-to-life-saving-action-career-pathways-after-emergency-medical-technology,37,5415,0.68%,5.88
"https://www.msu.edu.in/blog/testas-exam-fees,-dates,-and-centers-in-india",37,2932,1.26%,5.19
https://www.msu.edu.in/blog/why-bba-in-marketing-is-a-great-career-for-any-industry,36,15900,0.23%,7.28
https://www.msu.edu.in/blog/why-choose-bsc-in-optometry-career-opportunities-and-future-prospects,36,8421,0.43%,6.66
https://www.msu.edu.in/blog/ojl-at-msu-10-faqs-about-on-the-job-learning,35,2328,1.5%,4.95
https://www.msu.edu.in/blog/career-prospects-after-studying-bsc-in-hospitality-tourism-management,33,12579,0.26%,8.1
https://www.msu.edu.in/blog/exploring-nursing-jobs-in-germany-opportunities-and-challenges,32,12737,0.25%,6.2
https://www.msu.edu.in/blog/what-are-the-career-options-if-you-do-not-clear-the-neet-exam-2023,32,12153,0.26%,7
https://www.msu.edu.in/blog/how-to-register-and-prepare-for-the-testas-exam,32,5150,0.62%,10.09
https://www.msu.edu.in/blog/job-opportunities-for-optometry-graduates-clinics-retail-research-more,32,4032,0.79%,6.08
https://www.msu.edu.in/blog/hospitality-and-hotel-management-courses-after-12th-career-guide-2026,31,11775,0.26%,9.51
https://www.msu.edu.in/blog/top-10-startup-skills-you-ll-learn-in-a-bba-offered-by-medhavi-skills-university-and-physics-wallah,31,2923,1.06%,5.86
https://www.msu.edu.in/blog/design-meets-business-inside-msus-bba-in-jewellery-design-management,31,2576,1.2%,5.98
https://www.msu.edu.in/blog/optometry-careers-in-india-what-you-can-do-with-a-bsc-in-optometry,29,11772,0.25%,8.26
https://www.msu.edu.in/blog/build-career-in-physiotherapy-education-opportunities-and-salary-insights,28,16512,0.17%,8.08
https://www.msu.edu.in/blog/why-a-career-in-pharmacy-is-a-smart-move-in-2025-trends-opportunities-future-scope,28,9598,0.29%,7.73
https://www.msu.edu.in/blog/global-demand-for-nurses-how-a-bsc-in-nursing-opens-international-opportunities,28,8141,0.34%,7.62
https://www.msu.edu.in/blog/indias-logistics-boom-why-now-is-the-best-time-to-study-supply-chain-management,28,6046,0.46%,6.45
https://www.msu.edu.in/blog/why-a-bvoc-in-interior-design-is-your-gateway-to-a-high-growth-creative-career,27,7515,0.36%,6.39
https://www.msu.edu.in/blog/inside-the-dvoc-in-electrical-and-electronics-skills-for-modern-technicians,27,6516,0.41%,7.03
https://www.msu.edu.in/blog/choosing-the-best-skill-university-in-india-factors-to-consider,27,5782,0.47%,8.77
https://www.msu.edu.in/blog/how-technology-is-changing-the-hospitality-industry,27,4856,0.56%,39.66
https://www.msu.edu.in/blog/five-reasons-to-pursue-a-b-sc-in-dialysis-technology-degree-at-medhavi-skills-university,27,3612,0.75%,5.42
https://www.msu.edu.in/blog/how-work-integrated-psychology-programs-fit-into-your-corporate-career,27,1843,1.47%,6.46
https://www.msu.edu.in/blog/top-benefits-of-doing-hotel-management-course,26,8315,0.31%,10.66
https://www.msu.edu.in/blog/explore-apprenticeship-embedded-bsc-in-hospitality-and-hotel-management-course-details-career-opportunities-and-future-prospects,26,3024,0.86%,6.87
https://www.msu.edu.in/blog/accelerated-skill-mba-a-game-changer-for-working-professionals,25,2434,1.03%,7.38
https://www.msu.edu.in/blog/a-day-in-the-life-of-a-student-at-medhavi-skills-university-smart-classrooms-advanced-laboratories-digital-learning-and-more,24,5281,0.45%,7.49
https://www.msu.edu.in/blog/the-role-of-work-integrated-learning-in-future-workforce-development,23,4377,0.53%,10.78
https://www.msu.edu.in/blog/indias-only-ugc-approved-bba-in-logistics-with-on-job-training-at-om-logistics-ltd,23,1784,1.29%,8.63
https://www.msu.edu.in/blog/how-do-i-get-financial-assistance-at-msu,22,2623,0.84%,6.88
https://www.msu.edu.in/blog/career-prospects-after-studying-btech-in-computer-science-and-engineering,21,6408,0.33%,7.04
https://www.msu.edu.in/blog/co-creating-the-future-workforce-how-industry-partners-shape-wise-curriculums,21,2949,0.71%,6.11
https://www.msu.edu.in/blog/what-to-do-after-board-result,20,15354,0.13%,4.56
https://www.msu.edu.in/blog/the-lucrative-career-scope-of-optometry-in-india,20,11549,0.17%,6.68
https://www.msu.edu.in/blog/why-indian-students-should-consider-taking-the-testas-exam,20,6321,0.32%,8.06
https://www.msu.edu.in/blog/what-is-the-testas-exam---complete-guide-for-indian-students,19,5866,0.32%,7.44
https://www.msu.edu.in/blog/career-opportunities-after-bsc-hotel-management,19,2477,0.77%,7.05
https://www.msu.edu.in/blog/how-skill-universities-improve-employability-in-india,19,1912,0.99%,7.92
https://www.msu.edu.in/blog/is-interior-design-a-good-career,18,11229,0.16%,7.46
https://www.msu.edu.in/blog/bachelors-emergency-medical-technology-in-sikkim,18,2029,0.89%,7.88
https://www.msu.edu.in/blog/top-emerging-careers-in-northeast-india-you-should-know-in-2026,18,1483,1.21%,5.69
https://www.msu.edu.in/blog/build-career-in-radiology-and-imaging-technology-skill-requirements,17,6305,0.27%,7.46
https://www.msu.edu.in/blog/misat-explained-scholarship-test-for-global-nursing-opportunities-in-germany,17,1645,1.03%,6.15
https://www.msu.edu.in/blog/why-paramedical-industry-is-a-great-career-choice-after-12th,16,9370,0.17%,4.57
https://www.msu.edu.in/blog/why-a-bvoc-in-fashion-design-is-your-gateway-to-a-glamorous-and-global-career,16,3985,0.4%,7.28
https://www.msu.edu.in/blog/how-skill-university-is-different-from-other-traditional-colleges-universities,16,3667,0.44%,6.99
https://www.msu.edu.in/blog/8-questions-students-commonly-ask-about-msus-earn-and-learn-model,16,1047,1.53%,6.29
"https://www.msu.edu.in/blog/build-your-career-in-clinical-psychology:-education,-opportunities-and-salary-insights",16,1002,1.6%,7.17
https://www.msu.edu.in/blog/career-options-after-12th,16,936,1.71%,6.65
https://www.msu.edu.in/blog/stipends-to-success-how-36-stipend-hike-marks-major-push-for-skill-development,15,4538,0.33%,6.61
https://www.msu.edu.in/blog/high-paying-courses-after-12th-science-commerce-and-arts-updated-2026,15,2329,0.64%,6.73
https://www.msu.edu.in/blog/top-5-skills-every-finance-student-should-have,15,2232,0.67%,10.93
https://www.msu.edu.in/blog/understanding-ncrf-and-its-nuances-a-comprehensive-guide,15,1373,1.09%,5.94
https://www.msu.edu.in/blog/how-apprenticeship-embedded-degree-programmes-can-revolutionise-higher-education,15,1139,1.32%,6.32
https://www.msu.edu.in/blog/how-a-bca-in-ai-ml-prepares-you-for-the-data-driven-future,14,8543,0.16%,12.53
https://www.msu.edu.in/blog/build-your-career-in-operation-theatre-technology-education-opportunities-and-salary-insights,14,7327,0.19%,7.77
https://www.msu.edu.in/blog/why-a-bba-in-business-management-with-aimer-business-school-is-your-launchpad-to-an-industry-ready-career,14,3577,0.39%,8.54
https://www.msu.edu.in/blog/bsc-hotel-management-admission,14,3389,0.41%,6.78
https://www.msu.edu.in/blog/how-hospitality-students-are-trained-to-handle-real-life-guest-scenarios,14,1514,0.92%,7.53
https://www.msu.edu.in/blog/how-the-chancellors-scholarship-changed-arpeet-chettris-life-at-medhavi-skills-university,14,1186,1.18%,8.76
https://www.msu.edu.in/blog/build-career-in-pharmacy-education-opportunities-and-salary-insights,13,11284,0.12%,7.77
https://www.msu.edu.in/blog/is-fashion-designing-a-good-career-option-in-2023,13,8935,0.15%,8.41
https://www.msu.edu.in/blog/top-reasons-to-pursue-a-b.sc.-in-dialysis-technology-in-2025,13,3587,0.36%,4.82
https://www.msu.edu.in/blog/heres-how-msu-offers-one-of-indias-most-practical-hotel-management-degrees,13,2974,0.44%,7.16
https://www.msu.edu.in/blog/admission-open-2026-best-skill-based-courses-in-sikkim,13,2182,0.6%,7.45
https://www.msu.edu.in/blog,13,1228,1.06%,13.6
https://www.msu.edu.in/blog/west-bengal-class-12th-results-are-out-and-what-comes-next-could-shape-your-future,12,6754,0.18%,7.05
https://www.msu.edu.in/blog/work-integrated-degrees-vs-traditional-degrees-a-students-guide-to-choosing-wisely,12,4010,0.3%,6.78
https://www.msu.edu.in/blog/data-science-ai-courses-after-12th,12,3231,0.37%,8.12
https://www.msu.edu.in/blog/why-choose-a-skill-university-in-sikkim-for-higher-education,12,2805,0.43%,6.02
https://www.msu.edu.in/blog/msu-mba-admission-eligibility-msat-fees-process,12,2639,0.45%,7.65
https://www.msu.edu.in/blog/why-ai-&-machine-learning-are-the-future-of-technology,12,2289,0.52%,13.63
https://www.msu.edu.in/blog/impact-of-industry-integrated-education-on-students-career-success,12,1942,0.62%,6.93
https://www.msu.edu.in/blog/how-apprenticeships-are-revolutionizing-msme-workforce-development,12,1742,0.69%,7.05
https://www.msu.edu.in/blog/neet-ug-counselling-common-mistakes-to-avoid,12,1335,0.9%,6.8
https://www.msu.edu.in/blog/counseling-in-the-workplace-the-rising-need-for-corporate-mental-health-support,12,1189,1.01%,7.94
https://www.msu.edu.in/blog/life-of-a-bsc-in-radiology-student-away-from-home-at-msu-sikkim,11,1555,0.71%,7.57
https://www.msu.edu.in/blog/everything-you-need-to-know-about-bsc-medical-laboratory-technology,10,7475,0.13%,12.1
https://www.msu.edu.in/blog/how-to-become-a-medical-laboratory-technician-mlt-with-a-bsc,10,4982,0.2%,8.73
https://www.msu.edu.in/blog/b-tech-vs-b-sc-vs-bca-which-course-should-you-choose-after-12th,10,4139,0.24%,6.43
https://www.msu.edu.in/blog/benefits-of-taking-the-testas-exam-for-indian-students,10,3545,0.28%,9.69
https://www.msu.edu.in/blog/investing-in-skills-for-long-term-growth-the-wise-model-for-employers,10,2873,0.35%,12.45
https://www.msu.edu.in/blog/bba-in-digital-marketing-why-it-is-a-great-career-path-in-2023,10,2765,0.36%,7.78
https://www.msu.edu.in/blog/scaling-skilled-talent-in-indias-automotive-sector-the-yuvashakti-and-msu-success-story,10,2125,0.47%,7.12
https://www.msu.edu.in/blog/why-employers-prefer-graduates-with-on-the-job-training-or-learning-experience-in-today-s-job-market,10,2033,0.49%,7.76
https://www.msu.edu.in/blog/unveiling-the-finest-colleges-in-sikkim-for-arts-education,10,1915,0.52%,7.09
https://www.msu.edu.in/blog/government-schools-lose-86-lakh-students-private-school-enrolment,10,1309,0.76%,6.65
https://www.msu.edu.in/blog/diploma-hospitality-hotel-management-colleges-sikkim,10,838,1.19%,8.17
https://www.msu.edu.in/blog/top-healthcare-courses-in-sikkim-with-high-salary-potential,10,756,1.32%,7.23
https://www.msu.edu.in/blog/india-australia-education-partnership-student-updates,10,491,2.04%,9.85
https://www.msu.edu.in/blog/build-career-in-medical-lab-technology-education-and-certification-requirements,9,5119,0.18%,10.36
https://www.msu.edu.in/blog/what-makes-medhavi-skills-university-stand-out-among-universities,9,4533,0.2%,9.05
https://www.msu.edu.in/blog/cyber-security-skills-employers-demand-in-2026-and-how-msu-helps-you-master-them,9,3685,0.24%,5.94
https://www.msu.edu.in/blog/career-opportunities-after-completing-hotel-management-your-complete-guide,9,2737,0.33%,8.35
https://www.msu.edu.in/blog/msu-admissions-msat-scholarships-industry-integrated-degree-programmes,9,2060,0.44%,6.32
https://www.msu.edu.in/blog/how-medhavi-skills-university-and-frameboxx-are-redefining-3d-animation-vfx-education,8,1182,0.68%,6.94
https://www.msu.edu.in/blog/ugc's-revamped-curriculum-and-credit-method:-a-detailed-analysis,8,1075,0.74%,4.65
https://www.msu.edu.in/blog/career-options-after-12th-science-pcb-medical-and-non-medical-paths-explained#top-medical-career-options-after-12th-pcb,7,102668,0.01%,6.25
https://www.msu.edu.in/blog/the-national-credit-framework-ncrf-a-potential-game-changer-for-indias-education-system/,7,1157,0.61%,5.62
https://www.msu.edu.in/blog/dialysis-technician-basic-skills-ranging-from-patient-care-to-machine-handling,7,864,0.81%,3.64
https://www.msu.edu.in/blog/what-is-on-the-job-learning-and-why-students-need-it,7,397,1.76%,4.1
https://www.msu.edu.in/blog/5-reasons-why-you-are-a-perfect-fit-for-a-skills-university,6,1801,0.33%,5.24
https://www.msu.edu.in/blog/build-career-in-nursing:-education-and-certification-requirements,6,1680,0.36%,6.37
https://www.msu.edu.in/blog/global-demand-for-nurses:-how-a-b.sc.-in-nursing-opens-international-opportunities,6,1201,0.5%,6.58
https://www.msu.edu.in/blog/how-practical-training-enhances-employability-for-bsc-nursing-students,6,659,0.91%,5.9
https://www.msu.edu.in/blog/key-benefits-of-learning-cloud-computing-for-your-career,5,1417,0.35%,10.09
https://www.msu.edu.in/blog/build-career-in-nursing-education-and-certification-requirements,5,1404,0.36%,12.89
https://www.msu.edu.in/blog/best-career-options-after-bsc-in-fashion-designing-management,5,1320,0.38%,7.76
https://www.msu.edu.in/blog/how-do-i-get-financial-assistance-at-msu-8-frequently-asked-questions,5,1152,0.43%,6.14
https://www.msu.edu.in/blog/what-can-you-do-with-a-music-technology-degree,5,696,0.72%,9.2
https://www.msu.edu.in/blog/mba-in-luxury-management-a-gateway-to-a-rewarding-career,5,614,0.81%,7.75
https://www.msu.edu.in/blog/exploring-creativity-a-semester-report-on-msu-students-creative-writing-journey,5,609,0.82%,7.68
https://www.msu.edu.in/blog/medhavi-skills-universitys-wise-programs-making-higher-education-affordable-and-accessible,5,555,0.9%,6.46
https://www.msu.edu.in/blog/career-growth-with-an-mba-the-road-to-success-and-leadership,5,318,1.57%,9.07
https://www.msu.edu.in/blog/closing-the-skills-gap-in-rural-india:-medhavi-skills-university’s-wise-solution,5,263,1.9%,8.73
https://www.msu.edu.in/blog/career-options-after-12th-science-pcb-medical-and-non-medical-paths-explained#professional-courses-after-12th-science,4,89668,0%,6.29
https://www.msu.edu.in/blog/career-options-after-12th-commerce-without-maths-best-courses-and-scope#high-salary-career-options-for-commerce-students,4,30855,0.01%,6.82
https://www.msu.edu.in/blog/bridging-the-skills-gap-in-industry-40-a-collaborative-approach-with-msu-wise,4,3133,0.13%,8.22
https://www.msu.edu.in/blog/top-skills-required-to-excel-as-an-emergency-medical-technician,4,1746,0.23%,8.75
https://www.msu.edu.in/blog/how-to-choose-the-right-course-after-12th-a-practical-decision-guide,4,964,0.41%,10.47
https://www.msu.edu.in/blog/the-impact-of-medhavi-skills-university-on-skill-development-in-india,4,861,0.46%,7.58
https://www.msu.edu.in/blog/explore-the-power-of-on-the-job-learning-at-medhavi-skills-university,4,583,0.69%,8.58
https://www.msu.edu.in/blog/india’s-only-ugc-approved-bba-in-logistics-with-on-job-training-at-om-logistics-ltd.,4,495,0.81%,6.02
https://www.msu.edu.in/blog/brewing-careers-in-hospitality-inside-chai-points-bvoc-partnership-with-medhavi-skills-university,4,327,1.22%,6.83
https://www.msu.edu.in/blog/why-working-professionals-should-upskill-with-a-psychology-program,4,300,1.33%,7.14
https://www.msu.edu.in/blog/closing-the-skills-gap-in-rural-india-medhavi-skills-universitys-wise-solution,4,208,1.92%,6.12
https://www.msu.edu.in/blog/preparing-the-workforce-for-industry-4.0:-the-role-of-msu-wise,4,179,2.23%,7.15
https://www.msu.edu.in/blog/why-a-b.voc-in-fashion-design-is-your-gateway-to-a-glamorous-and-global-career,4,132,3.03%,5.16
https://www.msu.edu.in/blog/building-a-career-in-optometry-know-all-about-the-optometry-programme#overview-optometry-course,3,23576,0.01%,7.38
https://www.msu.edu.in/blog/nursing-as-a-career-after-12th-scope-salary-and-growth-opportuniti#types-of-nursing-courses-after-12th,3,9726,0.03%,6.81
https://www.msu.edu.in/blog/why-should-you-be-taking-paramedical-courses-in-india,3,5503,0.05%,7.13
https://www.msu.edu.in/blog/cbse-10th-second-result-2026-score-marksheet#cbse-10th-second-result-2026-released,3,5081,0.06%,6.01
https://www.msu.edu.in/blog/bba-vs-mba-which-degree-program-is-right-for-you,3,5028,0.06%,9.75
https://www.msu.edu.in/blog/top-career-options-after-doing-a-bba-degree,3,3628,0.08%,48.45
https://www.msu.edu.in/blog/career-prospects-after-studying-b-tech-in-computer-science-engineering,3,2379,0.13%,19.4
https://www.msu.edu.in/blog/bsc-hotel-management-colleges-india-admission-2026,3,717,0.42%,7.83
https://www.msu.edu.in/blog/why-every-business-should-subscribe-to-msu-wise,3,681,0.44%,6.12
https://www.msu.edu.in/blog/hands-on-learning-revolutionising-education-at-medhavi-skills-university,3,623,0.48%,9.05
https://www.msu.edu.in/blog/top-mba-specializations-to-choose-from-in-2026,3,391,0.77%,10.83
https://www.msu.edu.in/blog/inside-the-labs-essential-skills-that-make-nursing-graduates-stand-out-1,3,374,0.8%,8.02
https://www.msu.edu.in/blog/why-should-you-pursue-healthcare-studies,3,337,0.89%,15.26
https://www.msu.edu.in/blog/impact-of-industry-integrated-education-on-students’-career-success,3,309,0.97%,4.57
https://www.msu.edu.in/blog/give-your-career-a-creative-edge-with-ui-ux,3,157,1.91%,7.24
https://www.msu.edu.in/blog/reducing-employee-onboarding-time-work-integrated-model,3,96,3.12%,9.49
https://www.msu.edu.in/blog/career-options-after-12th-science-pcb-medical-and-non-medical-paths-explained#non-medical-career-options-after-12th-pcb,2,102062,0%,6.25
https://www.msu.edu.in/blog/career-options-after-12th-commerce-without-maths-best-courses-and-scope#skill-based-courses-for-commerce-students,2,30977,0.01%,6.82
https://www.msu.edu.in/blog/career-options-after-12th-commerce-without-maths-best-courses-and-scope#government-job-opportunities-after-12th-commerce,2,27540,0.01%,6.86
https://www.msu.edu.in/blog/a-complete-guide-on-how-to-become-a-hotel-manager,2,2568,0.08%,8.18
https://www.msu.edu.in/blog/optometry-careers-in-india:-what-you-can-do-with-a-b.sc.-in-optometry,2,1923,0.1%,5.28
https://www.msu.edu.in/blog/bba-business-management-specializations-placements-salary,2,1191,0.17%,8.16
https://www.msu.edu.in/blog/build-career-in-medical-lab-technology:-education-and-certification-requirements,2,813,0.25%,3.89
https://www.msu.edu.in/blog/bba-after-12th-specializations-career-scope-salary,2,697,0.29%,9.65
https://www.msu.edu.in/blog/strategic-finance-mba-your-path-to-becoming-a-future-cfo,2,669,0.3%,9.92
https://www.msu.edu.in/blog/how-to-choose-the-right-skill-base-degree-program-checklist-inside,2,444,0.45%,7.98
https://www.msu.edu.in/blog/what-are-the-benefits-of-skill-university,2,265,0.75%,11.48
https://www.msu.edu.in/blog/what-is-on-the-job-learning-why-its-a-game-changer-for-career-ready-education,2,257,0.78%,6.64
https://www.msu.edu.in/blog/bba-business-management-colleges-sikkim,2,248,0.81%,9.19
https://www.msu.edu.in/blog/unlock-the-secrets-of-the-travel-industry-hospitality-and-tourism-management-explained-1,2,217,0.92%,6.13
https://www.msu.edu.in/blog/how-to-choose-the-right-course-after-12th-a-practical-decision-guide-1,2,210,0.95%,7.79
https://www.msu.edu.in/blog/building-a-career-in-optometry-:-know-all-about-the-optometry-course,2,200,1%,4.85
https://www.msu.edu.in/blog/experience-and-explore-skill-electives-and-field-trips-at-medhavi-skills-university,2,187,1.07%,8.6
https://www.msu.edu.in/blog/skill-based-learning-operation-theatre-technology-advanced-ot-labs,2,185,1.08%,5.94
https://www.msu.edu.in/blog/a-taste-of-heritage:-cooking-and-connecting-with-ancestral-recipes,2,153,1.31%,5.03
https://www.msu.edu.in/blog/cbse-board-class-12-result-2025-a-milestone-moment-the-road-ahead,2,152,1.32%,10.22
https://www.msu.edu.in/blog/unlocking-the-secrets-to-great-hospitality-a-hotel-management-perspective,2,127,1.57%,8.54
https://www.msu.edu.in/blog/work-integrated-skill-based-education-wise-india-workforce,2,122,1.64%,8.17
https://www.msu.edu.in/blog/build-your-future-in-hotel-management-with-msu-and-seven-seas-hotel,2,101,1.98%,6.85
https://www.msu.edu.in/blog/why-a-bba-in-jewellery-design-and-management-is-the-smartest-gateway-to-indias-glamorous-gems-and-jewellery-industry,2,96,2.08%,7.04
https://www.msu.edu.in/blog/the-psychology-of-learning-understanding-how-students-learn-best,2,18,11.11%,8
https://www.msu.edu.in/blog/career-options-after-12th-science-pcb-medical-and-non-medical-paths-explained#best-allied-health-science-courses-for-pcb-students,1,90470,0%,6.3
https://www.msu.edu.in/blog/career-options-after-12th-arts-high-growth-fields-you-should-consider#best-graduation-courses-for-arts-students,1,48451,0%,6.69
https://www.msu.edu.in/blog/career-options-after-12th-arts-high-growth-fields-you-should-consider#skill-based-courses-after-12th-arts,1,47176,0%,6.68
https://www.msu.edu.in/blog/career-options-after-12th-arts-high-growth-fields-you-should-consider#high-growth-industries-for-arts-students,1,45080,0%,6.78
https://www.msu.edu.in/blog/top-paramedical-courses-after-12th-with-high-salary-potential#overview-top-paramedical-courses-after-12th,1,24528,0%,7.64
https://www.msu.edu.in/blog/building-a-career-in-optometry-know-all-about-the-optometry-programme#optometry-course-details,1,23576,0%,7.38
https://www.msu.edu.in/blog/top-paramedical-courses-after-12th-with-high-salary-potential#eligibility-criteria-for-paramedical-courses,1,22743,0%,7.69
https://www.msu.edu.in/blog/best-career-options-after-12th-in-2026-complete-guide-for-students#overview-best-career-options-after-12th,1,17962,0.01%,9.14
https://www.msu.edu.in/blog/pharmacy-courses-after-12th-b-pharm-d-pharm-and-career-scope#understanding-pharmacy-courses-after-12th-a-complete-guide,1,9928,0.01%,6.9
https://www.msu.edu.in/blog/pharmacy-courses-after-12th-b-pharm-d-pharm-and-career-scope#bpharm-and-dpharm-course-details,1,9698,0.01%,7
https://www.msu.edu.in/blog/nursing-as-a-career-after-12th-scope-salary-and-growth-opportuniti#skills-required-for-a-successful-nursing-career,1,9095,0.01%,6.85
https://www.msu.edu.in/blog/nursing-as-a-career-after-12th-scope-salary-and-growth-opportuniti#higher-education-and-nursing-specialisations,1,8973,0.01%,6.88
https://www.msu.edu.in/blog/skill-based-courses-after-12th-job-opportunities#digital-marketing-courses-for-high-demand-career-opportunities,1,4834,0.02%,5.72
https://www.msu.edu.in/blog/cbse-10th-second-result-2026-score-marksheet#how-to-download-your-digital-marksheet,1,4652,0.02%,6.08
https://www.msu.edu.in/blog/computer-science-courses-after-12th-bca-btech-emerging-careers#best-computer-science-courses-after-12th,1,4554,0.02%,5.82
https://www.msu.edu.in/blog/computer-science-courses-after-12th-bca-btech-emerging-careers#popular-computer-science-courses-after-12th,1,4552,0.02%,5.82
https://www.msu.edu.in/blog/hospitality-and-hotel-management-courses-after-12th-career-guide-2026#difference-between-hospitality-and-hotel-management,1,4539,0.02%,8.6
https://www.msu.edu.in/blog/how-to-choose-the-right-career-path-after-12th-a-complete-guide-for-2026#career-options-after-12th-based-on-stream,1,2067,0.05%,7.22
https://www.msu.edu.in/blog/full-time-vs-part-time-mba-which-suits-you,1,1944,0.05%,27.64
https://www.msu.edu.in/blog/what-is-a-bachelor-in-optometry-career-paths-and-opportunities#why-study-bachelor-of-optometry,1,1699,0.06%,5.69
https://www.msu.edu.in/blog/career-opportunities-after-completing-hotel-management,1,1513,0.07%,13.91
https://www.msu.edu.in/blog/psychology-of-learning-how-students-learn-best-and-strategies-for-effective-education#psychology-of-learning-in-education,1,1251,0.08%,5.84
https://www.msu.edu.in/blog/career-opportunities-for-bba-graduates-exploring-your-options,1,1147,0.09%,9.94
https://www.msu.edu.in/blog/the-must-have-skills-for-every-artists-to-be,1,1072,0.09%,11.01
https://www.msu.edu.in/blog/career-prospects-after-studying-b.voc-in-cosmetology,1,960,0.1%,4.65
https://www.msu.edu.in/blog/building-a-career-in-optometry-know-all-about-the-optometry-course,1,624,0.16%,10.96
https://www.msu.edu.in/blog/learning-hospitality-management-through-real-guest-scenarios-at-msu,1,528,0.19%,8.49
https://www.msu.edu.in/blog/why-a-b.voc-in-interior-design-is-your-gateway-to-a-high-growth-creative-career,1,517,0.19%,5.67
https://www.msu.edu.in/blog/why-cloud-computing-is-among-the-hottest-career-paths-today,1,507,0.2%,6.49
https://www.msu.edu.in/blog/everything-you-need-to-know-about-b.sc-medical-laboratory-technology,1,494,0.2%,12.93
https://www.msu.edu.in/blog/the-top-bba-programs-of-2023-a-comprehensive-guide,1,431,0.23%,6.99
https://www.msu.edu.in/blog/career-prospects-after-studying-bsc-in-hospitality-and-hotel-management,1,419,0.24%,5.65
https://www.msu.edu.in/blog/learning-beyond-books-how-business-labs-shape-real-world-careers,1,418,0.24%,8.76
https://www.msu.edu.in/blog/build-a-career-in-software-development-education-opportunities-and-salary-insights,1,361,0.28%,9.1
https://www.msu.edu.in/blog/dialysis-dental-nurse-jobs-in-germany-your-path-to-a-rewarding-nursing-career-abroad#dialysis-nurse-jobs-in-germany,1,323,0.31%,6.12
https://www.msu.edu.in/blog/why-work-integrated-skill-based-higher-education-wise-is-the-need-of-the-hour,1,314,0.32%,5.22
https://www.msu.edu.in/blog/unlock-the-world-of-travel-and-hospitality-study-tourism-management,1,242,0.41%,8.64
https://www.msu.edu.in/blog/first-in-the-region-nep-2020-at-medhavi-skills-university,1,214,0.47%,7.28
https://www.msu.edu.in/blog/bridging-the-skills-gap-in-industry-4.0:-a-collaborative-approach-with-msu-wise,1,198,0.51%,8.54
https://www.msu.edu.in/blog/mastering-the-art-of-storytelling-how-an-mba-in-marketing-can-help-you-stand-out,1,190,0.53%,11.89
https://www.msu.edu.in/blog/diploma-vs-degree-after-12th-whats-better-for-your-career,1,187,0.53%,1.67
https://www.msu.edu.in/blog/top-skills-for-bfsi-professionals-in-2025-how-msus-industry-led-programs-can-help-you,1,176,0.57%,9
https://www.msu.edu.in/blog/culinary-arts-students-on-market-survey-mission-in-singtam-bazar,1,174,0.57%,10.05
https://www.msu.edu.in/blog/the-role-of-medhavi-skills-university-in-imparting-job-oriented-skills,1,173,0.58%,9.49
https://www.msu.edu.in/blog/corporate-university-collaboration-workforce-productivity-retention,1,169,0.59%,14.96
https://www.msu.edu.in/blog/from-lab-practice-to-life-saving-action:-career-pathways-after-emergency-medical-technology,1,131,0.76%,4.85
https://www.msu.edu.in/blog/mastering-the-art-of-storytelling:-how-an-mba-in-marketing-can-help-you-stand-out,1,131,0.76%,18.92
https://www.msu.edu.in/blog/a-win-win-for-employers-and-students-the-economic-benefits-of-wise,1,123,0.81%,5.72
https://www.msu.edu.in/blog/industry-4-talent-shortage-internal-workforce-development,1,102,0.98%,10.67
https://www.msu.edu.in/blog/bsc-hospitality-hotel-management-sikkim,1,87,1.15%,7.08
https://www.msu.edu.in/blog/bsc-in-hotel-management-at-msu-students-gain-5-star-training-from-day-1,1,75,1.33%,8.51
https://www.msu.edu.in/blog/campus/school-of-humanities,1,74,1.35%,6.51
https://www.msu.edu.in/blog/the-strategic-solution-for-talent-acquisition-and-retention-msu-wise,1,50,2%,6.76
https://www.msu.edu.in/blog/top-paramedical-courses-with-high-salary-potential,1,43,2.33%,1.77
https://www.msu.edu.in/blog/the-future-of-business-trends-and-innovations-to-watch-in-2023,1,41,2.44%,10.32
https://www.msu.edu.in/blog/campus/school-of-pharmacy,1,37,2.7%,25.62
https://www.msu.edu.in/blog/hematology-technologist-university-in-sikkim,1,35,2.86%,37.14
https://www.msu.edu.in/blog/english-and-communication-skill-challenge-2023,1,34,2.94%,10.29
https://www.msu.edu.in/blog/career-options-after-12th-arts,1,30,3.33%,1
https://www.msu.edu.in/blog/behind-the-scenes-the-exciting-world-of-hospitality-hotel-management,1,26,3.85%,10.65
https://www.msu.edu.in/blog/the-power-of-words-how-msu-students-celebrated-world-poetry-day,1,25,4%,6.4
https://www.msu.edu.in/blog/life-of-a-b.sc-in-radiology-student-away-from-home-at-msu-sikkim,1,20,5%,8.5
https://www.msu.edu.in/blog/unleashing-the-power-of-words-medhavi-skills-universitys-creative-writing-skill-drill-celebrates-world-poetry-day,1,15,6.67%,4.53
https://www.msu.edu.in/blog/best-career-options-after-12th-complete-guide-for-students,1,8,12.5%,1.5
https://www.msu.edu.in/blog/the-future-of-higher-education-understanding-the-impact-of-nep,1,6,16.67%,5.83
https://www.msu.edu.in/blog/best-career-options-after-12th-2026-complete-guide-for-students,1,4,25%,1
https://www.msu.edu.in/blog/tourism-skills-taught-at-lakes-edge-msu-undergrads-learn-at-sacred-khechuperi-lake,1,3,33.33%,4.67
https://www.msu.edu.in/blog/the-power-of-words:-how-msu-students-celebrated-world-poetry-day,1,2,50%,7.5
https://www.msu.edu.in/blog/pharmacy-cours...e-b-pharm-d-pharm-and-career-scope,1,1,100%,1
https://www.msu.edu.in/blog/top-in-demand-skills-students-learn-in-2026,1,1,100%,1
https://www.msu.edu.in/blog/,1,1,100%,3
https://www.msu.edu.in/blog/top-paramedical-courses-after-12th-with-high-salary-potential#best-healthcare-courses-after-12th,0,23588,0%,7.68
https://www.msu.edu.in/blog/top-paramedical-courses-after-12th-with-high-salary-potential#top-career-opportunities-in-the-paramedical-field,0,23195,0%,7.68
https://www.msu.edu.in/blog/top-paramedical-courses-after-12th-with-high-salary-potential#paramedical-career-options,0,22513,0%,7.71
https://www.msu.edu.in/blog/top-paramedical-courses-after-12th-with-high-salary-potential#best-universities-and-skill-based-healthcare-programs,0,22463,0%,7.7
https://www.msu.edu.in/blog/top-paramedical-courses-after-12th-with-high-salary-potential#skill-based-healthcare-courses,0,22462,0%,7.7
https://www.msu.edu.in/blog/best-career-options-after-12th-in-2026-complete-guide-for-students#why-career-planning-after-12th-matters-more-in-2026,0,17303,0%,9.16
https://www.msu.edu.in/blog/best-career-options-after-12th-in-2026-complete-guide-for-students#which-course-is-best-after-12th-for-high-salary,0,16775,0%,9.12
https://www.msu.edu.in/blog/pharmacy-courses-after-12th-b-pharm-d-pharm-and-career-scope#types-of-pharmacy-courses-after-12th,0,10221,0%,6.92
https://www.msu.edu.in/blog/pharmacy-courses-after-12th-b-pharm-d-pharm-and-career-scope#eligibility-criteria-for-pharmacy-courses,0,9408,0%,6.97
https://www.msu.edu.in/blog/pharmacy-courses-after-12th-b-pharm-d-pharm-and-career-scope#career-opportunities-after-bpharm,0,9390,0%,6.97
https://www.msu.edu.in/blog/nursing-as-a-career-after-12th-scope-salary-and-growth-opportuniti#scope-of-nursing-in-india-and-abroad,0,9265,0%,6.88
https://www.msu.edu.in/blog/nursing-as-a-career-after-12th-scope-salary-and-growth-opportuniti#which-nursing-course-offers-the-best-salary,0,9162,0%,6.86
https://www.msu.edu.in/blog/nursing-as-a-career-after-12th-scope-salary-and-growth-opportuniti#eligibility-criteria-for-nursing-courses,0,9159,0%,6.86
https://www.msu.edu.in/blog/skill-based-courses-after-12th-job-opportunities#top-skill-based-courses-after-12th-with-strong-job-opportunities,0,5618,0%,5.7
https://www.msu.edu.in/blog/skill-based-courses-after-12th-job-opportunities#why-skill-based-education-is-becoming-essential-after-12th,0,5577,0%,5.7
https://www.msu.edu.in/blog/cbse-10th-second-result-2026-score-marksheet#how-to-check-cbse-10th-second-result-2026,0,5210,0%,6.03
https://www.msu.edu.in/blog/cbse-10th-second-result-2026-score-marksheet#login-details-required,0,5045,0%,6.01
https://www.msu.edu.in/blog/skill-based-courses-after-12th-job-opportunities#benefits-of-choosing-skill-based-courses-for-career-growth,0,4870,0%,5.71
https://www.msu.edu.in/blog/skill-based-courses-after-12th-job-opportunities#healthcare-and-allied-health-courses-with-excellent-employment-scope,0,4832,0%,5.72
https://www.msu.edu.in/blog/hospitality-and-hotel-management-courses-after-12th-career-guide-2026#top-hotel-management-colleges-in-sikkim,0,4546,0%,8.6
https://www.msu.edu.in/blog/cbse-10th-second-result-2026-score-marksheet#passing-criteria-at-a-glance,0,4519,0%,6.05
https://www.msu.edu.in/blog/computer-science-courses-after-12th-bca-btech-emerging-careers#emerging-technology-careers-in-2026,0,3852,0%,5.87
https://www.msu.edu.in/blog/computer-science-courses-after-12th-bca-btech-emerging-careers#difference-between-bca-and-btech,0,3850,0%,5.87
https://www.msu.edu.in/blog/computer-science-courses-after-12th-bca-btech-emerging-careers#skills-required-for-computer-science-students,0,3850,0%,5.87
https://www.msu.edu.in/blog/career-scopes-after-bsc-in-radiology-and-medical-imaging-technology-in-2023#different-job-roles-in-radiology,0,3813,0%,8.14
https://www.msu.edu.in/blog/career-scopes-after-bsc-in-radiology-and-medical-imaging-technology-in-2023#future-scope-in-radiology-and-imaging-technology,0,3813,0%,8.14
https://www.msu.edu.in/blog/hospitality-and-hotel-management-courses-after-12th-career-guide-2026#how-to-choose-the-right-hotel-management-course,0,3726,0%,8.85
https://www.msu.edu.in/blog/hospitality-and-hotel-management-courses-after-12th-career-guide-2026#course-duration-and-curriculum,0,3717,0%,8.85
https://www.msu.edu.in/blog/unlock-the-secrets-of-the-travel-industry-hospitality-and-tourism-management-explained#popular-courses-in-hospitality-and-tourism,0,3636,0%,5.9
https://www.msu.edu.in/blog/top-healthcare-courses-after-12th-nursing-pharmacy-and-allied-health-career#best-healthcare-courses-after-12th-science,0,3601,0%,8.26
https://www.msu.edu.in/blog/unlock-the-secrets-of-the-travel-industry-hospitality-and-tourism-management-explained#benefits-of-studying-hospitality-management,0,3590,0%,5.9
https://www.msu.edu.in/blog/skill-based-education-in-india-why-it-s-the-future-after-nep-2026#overview-skill-based-education-in-india,0,3537,0%,6.04
https://www.msu.edu.in/blog/skill-based-education-in-india-why-it-s-the-future-after-nep-2026#introduction-to-skill-based-education-in-india,0,3516,0%,6.05
https://www.msu.edu.in/blog/skill-based-education-in-india-why-it-s-the-future-after-nep-2026#overview-of-nep-2026-and-its-vision,0,3515,0%,6.14
https://www.msu.edu.in/blog/skill-based-education-in-india-why-it-s-the-future-after-nep-2026#skill-based-careers-in-india-2026,0,3511,0%,6.14
https://www.msu.edu.in/blog/top-healthcare-courses-after-12th-nursing-pharmacy-and-allied-health-career#best-allied-health-science-courses-after-12th,0,3496,0%,8.28
https://www.msu.edu.in/blog/skill-based-education-in-india-why-it-s-the-future-after-nep-2026#popular-skill-based-courses-in-india,0,3454,0%,6.11
https://www.msu.edu.in/blog/skill-based-education-in-india-why-it-s-the-future-after-nep-2026#key-features-of-skill-based-learning,0,3445,0%,6.11
https://www.msu.edu.in/blog/skill-based-education-in-india-why-it-s-the-future-after-nep-2026#industry-aligned-curriculum-india,0,3441,0%,6.11
https://www.msu.edu.in/blog/top-healthcare-courses-after-12th-nursing-pharmacy-and-allied-health-career#top-nursing-courses-after-12th-in-india,0,3292,0%,8.28
https://www.msu.edu.in/blog/top-healthcare-courses-after-12th-nursing-pharmacy-and-allied-health-career#why-healthcare-careers-are-growing-rapidly-in-2026,0,3220,0%,8.29
https://www.msu.edu.in/blog/top-healthcare-courses-after-12th-nursing-pharmacy-and-allied-health-career#best-nursing-courses-after-12th,0,3198,0%,8.31
https://www.msu.edu.in/blog/top-healthcare-courses-after-12th-nursing-pharmacy-and-allied-health-career#top-pharmacy-courses-after-12th,0,3187,0%,8.31
https://www.msu.edu.in/blog/unlock-the-secrets-of-the-travel-industry-hospitality-and-tourism-management-explained#skills-required-for-hospitality-management,0,3081,0%,6.14
https://www.msu.edu.in/blog/top-5-skills-universities-in-india-2026-best-skill-based-universities-for-career-ready-education#top-5-skills-universities-in-india-2026,0,3069,0%,5.67
https://www.msu.edu.in/blog/unlock-the-secrets-of-the-travel-industry-hospitality-and-tourism-management-explained#introduction-to-the-travel-industry,0,3069,0%,6.13
https://www.msu.edu.in/blog/diploma-vs-degree-after-12th-what-s-better-for-your-career#key-differences-between-diploma-and-degree,0,3037,0%,5.26
https://www.msu.edu.in/blog/diploma-vs-degree-after-12th-what-s-better-for-your-career#overview-diploma-vs-degree-after-12th,0,3036,0%,5.26
https://www.msu.edu.in/blog/top-5-skills-universities-in-india-2026-best-skill-based-universities-for-career-ready-education#what-is-a-skills-university,0,2955,0%,5.74
https://www.msu.edu.in/blog/diploma-vs-degree-after-12th-what-s-better-for-your-career#advantages-of-degree-programs-after-12th,0,2821,0%,5.25
https://www.msu.edu.in/blog/diploma-vs-degree-after-12th-what-s-better-for-your-career#advantages-of-diploma-courses-after-12th,0,2819,0%,5.25
https://www.msu.edu.in/blog/diploma-vs-degree-after-12th-what-s-better-for-your-career#understanding-diploma-and-degree-courses,0,2816,0%,5.25
https://www.msu.edu.in/blog/diploma-vs-degree-after-12th-what-s-better-for-your-career#career-opportunities-after-diploma,0,2815,0%,5.25
https://www.msu.edu.in/blog/top-5-skills-universities-in-india-2026-best-skill-based-universities-for-career-ready-education#why-skills-universities-are-important-in-india,0,2688,0%,5.54
https://www.msu.edu.in/blog/top-career-opportunities-after-a-bsc-in-medical-lab-technology#top-career-options-after-bsc-in-medical-lab-technology-course,0,2346,0%,6.87
https://www.msu.edu.in/blog/top-career-opportunities-after-a-bsc-in-medical-lab-technology#what-is-a-medical-lab-technology-course-,0,2337,0%,6.85
https://www.msu.edu.in/blog/maximizing-your-bca-with-cloud-computing,0,2131,0%,59.21
https://www.msu.edu.in/blog/how-to-choose-the-right-career-path-after-12th-a-complete-guide-for-2026#introduction,0,2101,0%,7.16
https://www.msu.edu.in/blog/top-career-opportunities-after-a-bsc-in-medical-lab-technology#real-learning-with-real-skills---a-students-journey,0,2068,0%,6.94
https://www.msu.edu.in/blog/how-to-choose-the-right-career-path-after-12th-a-complete-guide-for-2026#overview-choosing-the-right-career-path-after-12th,0,2037,0%,7.2
https://www.msu.edu.in/blog/outstanding-career-options-after-bca-in-2026#best-career-options-after-bca-in-2026,0,1980,0%,8.76
https://www.msu.edu.in/blog/outstanding-career-options-after-bca-in-2026#how-to-build-a-career-after-bca,0,1980,0%,8.76
https://www.msu.edu.in/blog/german-language-requirements-for-nursing-jobs-in-germany-for-indians-a1-to-b2-levels-explained#what-language-level-do-you-need-for-nursing-jobs-in-germany,0,1894,0%,5.43
https://www.msu.edu.in/blog/german-language-requirements-for-nursing-jobs-in-germany-for-indians-a1-to-b2-levels-explained#why-language-proficiency-is-crucial-for-your-nursing-journey-in-germany,0,1883,0%,5.44
https://www.msu.edu.in/blog/what-is-a-bachelor-in-optometry-career-paths-and-opportunities#what-is-a-bachelor-in-optometry,0,1699,0%,5.69
https://www.msu.edu.in/blog/how-to-choose-the-right-career-path-after-12th-a-complete-guide-for-2026#factors-to-consider-before-choosing-a-career-path,0,1695,0%,7.21
https://www.msu.edu.in/blog/what-is-a-bachelor-in-optometry-career-paths-and-opportunities#international-career-opportunities-for-optometrists,0,1686,0%,5.68
https://www.msu.edu.in/blog/how-to-choose-the-right-career-path-after-12th-a-complete-guide-for-2026#best-courses-to-choose-after-12th-in-2026,0,1649,0%,7.31
https://www.msu.edu.in/blog/how-to-choose-the-right-career-path-after-12th-a-complete-guide-for-2026#importance-of-skill-based-education-for-better-career-growth,0,1617,0%,7.32
https://www.msu.edu.in/blog/german-language-requirements-for-nursing-jobs-in-germany-for-indians-a1-to-b2-levels-explained#understanding-the-cefr-levels-a1-a2-b1-b2,0,1611,0%,5.43
https://www.msu.edu.in/blog/everything-you-need-to-know-about-bachelor-of-medical-laboratory-science#overview-bsc-medical-laboratory-technology,0,1569,0%,5.78
https://www.msu.edu.in/blog/future-proof-careers-after-12th-courses-that-will-dominate-the-next-decade#best-courses-for-science-students-after-12th,0,1505,0%,7.9
https://www.msu.edu.in/blog/future-proof-careers-after-12th-courses-that-will-dominate-the-next-decade#what-are-future-proof-careers,0,1505,0%,7.9
https://www.msu.edu.in/blog/everything-you-need-to-know-about-bachelor-of-medical-laboratory-science#what-makes-msus-bachelor-of-medical-laboratory-science-unique,0,1479,0%,5.69
https://www.msu.edu.in/blog/everything-you-need-to-know-about-bachelor-of-medical-laboratory-science#skills-required-for-a-career-in-medical-laboratory-technology,0,1298,0%,5.85
https://www.msu.edu.in/blog/everything-you-need-to-know-about-bachelor-of-medical-laboratory-science#subjects-covered-in-bsc-medical-laboratory-technology,0,1295,0%,5.78
https://www.msu.edu.in/blog/psychology-of-learning-how-students-learn-best-and-strategies-for-effective-education#effective-learning-strategies-backed-by-psychology,0,1260,0%,5.83
https://www.msu.edu.in/blog/everything-you-need-to-know-about-bachelor-of-medical-laboratory-science#difference-between-mlt-and-other-paramedical-courses,0,1247,0%,5.77
https://www.msu.edu.in/blog/top-mba-specializations-to-choose-from-in-2024,0,1225,0%,7.32
https://www.msu.edu.in/blog/career-prospects-after-studying-b.-tech-in-computer-science-engineering,0,1217,0%,14.25
https://www.msu.edu.in/blog/psychology-of-learning-how-students-learn-best-and-strategies-for-effective-education#key-factors-that-influence-student-learning,0,1087,0%,5.79
https://www.msu.edu.in/blog/psychology-of-learning-how-students-learn-best-and-strategies-for-effective-education#learning-transfer-applying-knowledge-in-real-life,0,1070,0%,5.81
https://www.msu.edu.in/blog/psychology-of-learning-how-students-learn-best-and-strategies-for-effective-education#the-role-of-prior-knowledge-in-learning,0,1070,0%,5.81
https://www.msu.edu.in/blog/why-a-bvoc-in-interior-design-is-your-gateway-to-a-high-growth-creative-career#what-makes-the-bvoc-in-interior-design-unique,0,1070,0%,7.51
https://www.msu.edu.in/blog/why-a-bvoc-in-interior-design-is-your-gateway-to-a-high-growth-creative-career#the-art-and-science-of-interior-design,0,1043,0%,7.56
https://www.msu.edu.in/blog/preparing-the-workforce-for-industry-40-the-role-of-msu-wise,0,914,0%,9.08
https://www.msu.edu.in/blog/why-a-bvoc-in-interior-design-is-your-gateway-to-a-high-growth-creative-career#why-india-requires-more-interior-designers-today,0,905,0%,7.57
https://www.msu.edu.in/blog/why-a-bvoc-in-interior-design-is-your-gateway-to-a-high-growth-creative-career#a-career-with-endless-possibilities,0,878,0%,7.63
https://www.msu.edu.in/blog/gate-xh-for-humanities-students-iits#what-is-gate-xh,0,727,0%,5.39
https://www.msu.edu.in/blog/gate-xh-for-humanities-students-iits#what-can-you-study-after-qualifying-gate-xh,0,721,0%,5.4
https://www.msu.edu.in/blog/bba-vs-mba:-which-degree-program-is-right-for-you,0,694,0%,8.27
https://www.msu.edu.in/blog/bsc-hotel-management-admission#bsc-hotel-management-admission-2026-overview,0,678,0%,6.27
https://www.msu.edu.in/blog/bsc-hotel-management-admission#how-to-apply-for-hotel-management-admission,0,678,0%,6.27
https://www.msu.edu.in/blog/bsc-hotel-management-admission#important-admission-dates,0,678,0%,6.27
https://www.msu.edu.in/blog/gate-xh-for-humanities-students-iits#subjects-available-under-gate-xh,0,673,0%,5.48
https://www.msu.edu.in/blog/bsc-hotel-management-admission#course-curriculum-and-subjects,0,638,0%,6.23
https://www.msu.edu.in/blog/bsc-hotel-management-admission#course-fees-and-scholarships,0,638,0%,6.23
https://www.msu.edu.in/blog/work-integrated-learning-how-students-earn-while-they-learn#top-universities-offering-work-integrated-learning-in-india,0,608,0%,7.81
https://www.msu.edu.in/blog/gate-xh-for-humanities-students-iits#why-are-iits-opening-their-doors-to-humanities-students,0,597,0%,5.56
https://www.msu.edu.in/blog/work-integrated-learning-how-students-earn-while-they-learn#types-of-work-integrated-learning-programs,0,595,0%,7.75
https://www.msu.edu.in/blog/gate-xh-for-humanities-students-iits#benefits-of-choosing-gate-xh,0,586,0%,5.57
https://www.msu.edu.in/blog/gate-xh-for-humanities-students-iits#institutes-that-accept-gate-xh-scores,0,575,0%,5.61
https://www.msu.edu.in/blog/top-reasons-to-choose-professional-accounting-as-a-career,0,554,0%,20.27
https://www.msu.edu.in/blog/foreign-student-enrolment-india-47-percent-rise-aishe#why-does-nepal-send-the-highest-number-of-students-to-india,0,545,0%,4.66
https://www.msu.edu.in/blog/foreign-student-enrolment-india-47-percent-rise-aishe#international-student-enrolment-in-india-aishe-highlights,0,544,0%,4.67
https://www.msu.edu.in/blog/foreign-student-enrolment-india-47-percent-rise-aishe#top-countries-sending-students-to-india,0,538,0%,4.65
https://www.msu.edu.in/blog/career-prospects-after-studying-b-sc-in-hospitality-and-hotel-management#introduction,0,532,0%,6.73
https://www.msu.edu.in/blog/career-prospects-after-studying-b-sc-in-hospitality-and-hotel-management#overview-of-bsc-in-hospitality-and-hotel-management,0,532,0%,6.73
https://www.msu.edu.in/blog/career-prospects-after-studying-b-sc-in-hospitality-and-hotel-management#how-to-become-a-hospitality-and-hotel-management-professional,0,531,0%,6.73
https://www.msu.edu.in/blog/career-prospects-after-studying-b.sc-in-hospitality-and-hotel-management,0,479,0%,9.29
https://www.msu.edu.in/blog/outstanding-career-options-after-bca-in-2023,0,478,0%,11.7
https://www.msu.edu.in/blog/work-integrated-learning-how-students-earn-while-they-learn#key-benefits-of-work-integrated-learning,0,459,0%,7.79
https://www.msu.edu.in/blog/work-integrated-learning-how-students-earn-while-they-learn#overview-work-integrated-learning,0,443,0%,7.75
https://www.msu.edu.in/blog/skills-vs-degrees-indian-employers-prefer-skills#degree-vs-skills,0,435,0%,5.38
https://www.msu.edu.in/blog/explore-career-opportunities-in-the-hospitality-and-tourism-sector,0,425,0%,9.03
https://www.msu.edu.in/blog/skills-vs-degrees-indian-employers-prefer-skills#how-medhavi-skills-university-prepares-students-for-skills-based-careers,0,423,0%,5.38
https://www.msu.edu.in/blog/foreign-student-enrolment-india-47-percent-rise-aishe#government-initiatives,0,422,0%,4.63
https://www.msu.edu.in/blog/skills-vs-degrees-indian-employers-prefer-skills#skills-based-hiring-vs-traditional-hiring,0,421,0%,5.37
https://www.msu.edu.in/blog/skills-vs-degrees-indian-employers-prefer-skills#the-most-in-demand-skills-in-india-right-now,0,394,0%,5.45
https://www.msu.edu.in/blog/skills-vs-degrees-indian-employers-prefer-skills#a-degree-still-matters-but-it-is-no-longer-enough,0,388,0%,5.47
https://www.msu.edu.in/blog/skills-vs-degrees-indian-employers-prefer-skills#how-can-students-improve-their-employability,0,381,0%,5.45
https://www.msu.edu.in/blog/skills-vs-degrees-indian-employers-prefer-skills#why-are-employers-changing-their-hiring-approach,0,381,0%,5.47
https://www.msu.edu.in/blog/full-time-vs.-part-time-mba:-which-suits-you,0,345,0%,19.62
https://www.msu.edu.in/blog/career-prospects-after-studying-bachelors-in-optometry#career-prospects-after-studying-bachelors-in-optometry,0,344,0%,8.26
https://www.msu.edu.in/blog/career-prospects-after-studying-bachelors-in-optometry#how-to-become-an-optometry-professional,0,344,0%,8.26
https://www.msu.edu.in/blog/future-of-business-2026-trends-innovations-and-opportunities-shaping-tomorrow#rise-of-artificial-intelligence-in-business,0,343,0%,7.22
https://www.msu.edu.in/blog/career-prospects-after-studying-bachelors-in-optometry#what-is-optometry,0,343,0%,8.26
https://www.msu.edu.in/blog/build-your-career-in-business-management-education-opportunities-and-salary-insights,0,336,0%,14.48
https://www.msu.edu.in/blog/inside-the-dvoc-in-electrical-and-electronics-skills-for-modern-technicians#real-world-case-studies-transforming-workforces-with-dvoc-skills,0,316,0%,6.3
https://www.msu.edu.in/blog/inside-the-dvoc-in-electrical-and-electronics-skills-for-modern-technicians#what-is-dvoc-in-electrical-and-electronics,0,315,0%,6.31
https://www.msu.edu.in/blog/dialysis-dental-nurse-jobs-in-germany-your-path-to-a-rewarding-nursing-career-abroad#why-consider-a-nursing-career-in-germany,0,313,0%,6.16
https://www.msu.edu.in/blog/dialysis-dental-nurse-jobs-in-germany-your-path-to-a-rewarding-nursing-career-abroad#dental-nurse-jobs-in-germany,0,303,0%,6.07
https://www.msu.edu.in/blog/why-engineering-colleges-are-closing-in-india#state-wise-engineering-college-closures,0,293,0%,5.05
https://www.msu.edu.in/blog/dialysis-dental-nurse-jobs-in-germany-your-path-to-a-rewarding-nursing-career-abroad#job-opportunities-and-benefits,0,293,0%,6.15
https://www.msu.edu.in/blog/why-engineering-colleges-are-closing-in-india#why-are-these-colleges-closing,0,292,0%,5.04
https://www.msu.edu.in/blog/dialysis-dental-nurse-jobs-in-germany-your-path-to-a-rewarding-nursing-career-abroad#qualification-and-requirement,0,291,0%,6.13
https://www.msu.edu.in/blog/dialysis-dental-nurse-jobs-in-germany-your-path-to-a-rewarding-nursing-career-abroad#qualifications-and-requirements,0,291,0%,6.13
https://www.msu.edu.in/blog/top-skills-for-bfsi-professionals-in-2025:-how-msus-industry-led-programs-can-help-you,0,284,0%,6.67
https://www.msu.edu.in/blog/why-engineering-colleges-are-closing-in-india#does-this-mean-engineering-is-no-longer-a-good-career,0,269,0%,5.06
https://www.msu.edu.in/blog/why-engineering-colleges-are-closing-in-india#major-reasons-behind-the-closures,0,268,0%,5.05
https://www.msu.edu.in/blog/why-engineering-colleges-are-closing-in-india#what-exactly-has-happened,0,268,0%,5.05
https://www.msu.edu.in/blog/the-lucrative-career-scope-of-optometry-in-india#why-optometry-is-a-great-career-choice-in-india,0,259,0%,8.24
https://www.msu.edu.in/blog/the-lucrative-career-scope-of-optometry-in-india#different-job-roles-in-optometry,0,254,0%,8.31
https://www.msu.edu.in/blog/how-to-turn-your-arts-degree-into-a-career,0,254,0%,24.82
https://www.msu.edu.in/blog/inside-the-dvoc-in-electrical-and-electronics-skills-for-modern-technicians#benefits-of-work-integrated-learning-in-dvoc-programs,0,250,0%,6.39
https://www.msu.edu.in/blog/inside-the-dvoc-in-electrical-and-electronics-skills-for-modern-technicians#essential-skills-for-modern-electrical-and-electronics-technicians,0,249,0%,6.4
https://www.msu.edu.in/blog/if-you-want-to-establish-yourself-in-the-professional-industry-an-mba-is-the-key,0,246,0%,10.27
https://www.msu.edu.in/blog/how-practical-training-enhances-employability-for-b.sc-nursing-students,0,237,0%,6.11
https://www.msu.edu.in/blog/why-choose-a-skills-based-university-over-a-traditional-college,0,224,0%,7.63
https://www.msu.edu.in/blog/future-of-business-2026-trends-innovations-and-opportunities-shaping-tomorrow#the-future-of-work-and-remote-culture,0,221,0%,8.28
https://www.msu.edu.in/blog/the-lucrative-career-scope-of-optometry-in-india#what-do-optometrists-do,0,217,0%,8.29
https://www.msu.edu.in/blog/best-reasons-to-choose-professional-accounting-as-a-career#what-is-professional-accounting,0,207,0%,6.67
https://www.msu.edu.in/blog/how-to-identify-the-best-career-focused-courses-after-12th-with-stream-wise-guide,0,206,0%,17.49
https://www.msu.edu.in/blog/best-reasons-to-choose-professional-accounting-as-a-career#career-opportunities-in-accounting-and-finance,0,203,0%,6.67
https://www.msu.edu.in/blog/unveiling-the-finest-colleges-in-sikkim-for-arts-education#gangtok-arts-college,0,200,0%,7.38
https://www.msu.edu.in/blog/unveiling-the-finest-colleges-in-sikkim-for-arts-education#medhavi-skills-university-school-of-arts,0,200,0%,7.38
https://www.msu.edu.in/blog/best-reasons-to-choose-professional-accounting-as-a-career#key-reasons-to-choose-professional-accounting,0,196,0%,6.56
https://www.msu.edu.in/blog/bca-vs-bsc-in-cyber-security-choosing-the-right-path,0,195,0%,7.82
https://www.msu.edu.in/blog/learning-by-doing-how-msus-hospitality-students-gain-confidence-competence-and-clarity-through-on-job-training,0,191,0%,6.87
https://www.msu.edu.in/blog/why-now-is-the-perfect-time-to-study-hotel-management,0,188,0%,8.78
https://www.msu.edu.in/blog/best-reasons-to-choose-professional-accounting-as-a-career#why-accounting-remains-a-strong-career-choice,0,178,0%,6.98
https://www.msu.edu.in/blog/why-pursue-a-ba-in-english-exploring-career-avenues-beyond-teaching,0,178,0%,8.44
https://www.msu.edu.in/blog/on-the-job-training-in-hotel-management-how-it-boosts-students-careers#industry-immersion-and-gaining-real-life-skills,0,173,0%,4.14
https://www.msu.edu.in/blog/how-an-mba-transforms-your-career,0,172,0%,12.26
https://www.msu.edu.in/blog/on-the-job-training-in-hotel-management-how-it-boosts-students-careers#know-all-about-ojt-at-msu,0,171,0%,4.1
https://www.msu.edu.in/blog/on-the-job-training-in-hotel-management-how-it-boosts-students-careers#real-world-foundation-for-real-world-success,0,166,0%,4.16
https://www.msu.edu.in/blog/how-apprenticeship-embedded-degree-programs-can-revolutionize-higher-education,0,165,0%,8.06
https://www.msu.edu.in/blog/a-taste-of-heritage-cooking-and-connecting-with-ancestral-recipes,0,160,0%,7.78
https://www.msu.edu.in/blog/campus/news,0,155,0%,13.99
https://www.msu.edu.in/blog/staff-nurse-vacancies-in-germany-what-to-expect-in-2025#eligibility-criteria-for-staff-nurse-jobs-in-germany,0,153,0%,7.54
https://www.msu.edu.in/blog/staff-nurse-vacancies-in-germany-what-to-expect-in-2025#steps-to-apply-for-staff-nurse-vacancies-in-germany,0,153,0%,7.54
https://www.msu.edu.in/blog/why-a-bba-in-jewellery-design-and-management-is-the-smartest-gateway-to-india’s-glamorous-gems-and-jewellery-industry,0,152,0%,4.47
https://www.msu.edu.in/blog/essential-skills-every-physiotherapist-must-have#here-are-the-top-7-required-skills-for-a-physiotherapist,0,147,0%,4.53
https://www.msu.edu.in/blog/essential-skills-every-physiotherapist-must-have#why-skills-matter-in-physiotherapy,0,147,0%,4.53
https://www.msu.edu.in/blog/how-technology-is-changing-hospitality-industry#benefits-of-technology-in-hospitality-sector,0,146,0%,6.77
https://www.msu.edu.in/blog/how-technology-is-changing-hospitality-industry#examples-of-technology-in-hospitality-industry,0,146,0%,6.77
https://www.msu.edu.in/blog/how-technology-is-changing-hospitality-industry#latest-trends-in-hotel-technology,0,146,0%,6.77
https://www.msu.edu.in/blog/staff-nurse-vacancies-in-germany-what-to-expect-in-2025#benefits-of-working-as-a-nurse-in-germany,0,145,0%,7.52
https://www.msu.edu.in/blog/staff-nurse-vacancies-in-germany-what-to-expect-in-2025#job-roles-and-work-environment,0,145,0%,7.52
https://www.msu.edu.in/blog/how-msu-and-nif-global-are-powering-the-creative-economy#medhavi-skills-university-a-hub-for-creative-education,0,143,0%,2.49
https://www.msu.edu.in/blog/how-msu-and-nif-global-are-powering-the-creative-economy#nif-global-catalysing-creative-opportunities,0,143,0%,2.49
https://www.msu.edu.in/blog/staff-nurse-vacancies-in-germany-what-to-expect-in-2025#the-growing-demand-for-staff-nurses-in-germany,0,142,0%,7.56
https://www.msu.edu.in/blog/essential-skills-every-physiotherapist-must-have#who-can-pursue-a-career-in-physiotherapy,0,139,0%,4.27
https://www.msu.edu.in/blog/how-to-become-an-automotive-technician-in-germany-a-step-by-step-guide#expected-salary,0,134,0%,6.19
https://www.msu.edu.in/blog/how-to-become-an-automotive-technician-in-germany-a-step-by-step-guide#where-to-apply,0,134,0%,6.19
https://www.msu.edu.in/blog/how-to-become-an-automotive-technician-in-germany-a-step-by-step-guide#why-choose-germany-for-a-career-as-an-automotive-technician,0,134,0%,6.19
https://www.msu.edu.in/blog/five-reasons-to-pursue-a-b.sc-in-dialysis-technology-degree-at-medhavi-skills-university,0,130,0%,16.28
https://www.msu.edu.in/blog/why-an-integrated-btech-in-ai-ml-with-polaris-school-of-technology-is-the-smartest-path-to-a-future-proof-tech-career#why-should-you-enroll-in-this-program,0,129,0%,4.03
https://www.msu.edu.in/blog/skill-based-learning-operation-theatre-technology-advanced-labs,0,129,0%,5.85
https://www.msu.edu.in/blog/future-of-business-2026-trends-innovations-and-opportunities-shaping-tomorrow#sustainability-and-green-business-practices,0,129,0%,7.52
https://www.msu.edu.in/blog/future-of-business-2026-trends-innovations-and-opportunities-shaping-tomorrow#emerging-technologies-shaping-business,0,129,0%,7.67
https://www.msu.edu.in/blog/why-an-integrated-btech-in-ai-ml-with-polaris-school-of-technology-is-the-smartest-path-to-a-future-proof-tech-career#the-ai-and-ml-revolution-why-it-matters,0,123,0%,4.13
https://www.msu.edu.in/blog/ugcs-revamped-curriculum-and-credit-method-a-detailed-analysis#advantages-of-the-new-curriculum-and-credit-system,0,120,0%,7.29
https://www.msu.edu.in/blog/ugcs-revamped-curriculum-and-credit-method-a-detailed-analysis#5-key-features-of-the-revamped-curriculum-and-credit-system,0,116,0%,7.23
https://www.msu.edu.in/blog/is-fashion-designing-a-good-career-option-in-2023#an-overview-of-fashion-designing-course,0,114,0%,9.46
https://www.msu.edu.in/blog/is-fashion-designing-a-good-career-option-in-2023#job-roles-and-responsibilities-in-fashion-designing,0,114,0%,9.46
https://www.msu.edu.in/blog/is-fashion-designing-a-good-career-option-in-2023#what-do-fashion-designers-do,0,114,0%,9.46
https://www.msu.edu.in/blog/campus,0,109,0%,52.44
https://www.msu.edu.in/blog/accelerated-skill-mba-a-game-changer-for-working-professionals#unveiling-the-accelerated-skill-mba-a-mba,0,104,0%,7.02
https://www.msu.edu.in/blog/a-win-win-for-employers-and-students:-the-economic-benefits-of-wise,0,101,0%,5.9
https://www.msu.edu.in/blog/accelerated-skill-mba-a-game-changer-for-working-professionals#a-mba-under-msus-crux,0,99,0%,7.02
https://www.msu.edu.in/blog/testas-exam-fees-dates-and-centers-in-india#testas-exam-dates,0,98,0%,4.36
https://www.msu.edu.in/blog/testas-exam-fees-dates-and-centers-in-india#testas-exam-fees,0,98,0%,4.36
https://www.msu.edu.in/blog/testas-exam-fees-dates-and-centers-in-india#testas-india-centers,0,98,0%,4.36
https://www.msu.edu.in/blog/mastering-the-art-of-storytelling-how-an-mba-in-marketing-can-help-you-stand-out-1,0,98,0%,11.39
https://www.msu.edu.in/blog/what-you-need-to-know-before-enrolling-in-a-radiology-and-imaging-technology-course,0,94,0%,6.8
https://www.msu.edu.in/blog/the-future-of-work-based-learning-programs:-unlocking-success-in-the-modern-era,0,93,0%,5.02
https://www.msu.edu.in/blog/medhavi-skills-university’s-wise-programs:-making-higher-education-affordable-and-accessible,0,91,0%,6.58
https://www.msu.edu.in/blog/know-all-about-apprenticeship-embedded-degree-programs-and-their-benefits#what-are-apprenticeship-embedded-degree-programs,0,90,0%,6.88
https://www.msu.edu.in/blog/recognition-of-prior-learning-turning-experience-into-qualifications#what-is-recognition-of-prior-learning-rpl,0,89,0%,7.21
https://www.msu.edu.in/blog/how-msus-earn-and-learn-model-transformed-pawans-life-a-real-story-of-turning-dreams-into-reality,0,87,0%,8.32
https://www.msu.edu.in/blog/know-all-about-apprenticeship-embedded-degree-programs-and-their-benefits#benefits-of-apprenticeship-embedded-degree-program-to-the-students--,0,85,0%,6.56
https://www.msu.edu.in/blog/top-reasons-to-pursue-a-bsc-in-dialysis-technology-in-2025#growing-need-for-dialysis-experts,0,85,0%,10.46
https://www.msu.edu.in/blog/top-reasons-to-pursue-a-bsc-in-dialysis-technology-in-2025#international-career-opportunities,0,85,0%,10.46
https://www.msu.edu.in/blog/inside-the-labs-essential-skills-that-make-nursing-graduates-stand-out,0,83,0%,8.72
https://www.msu.edu.in/blog/recognition-of-prior-learning-turning-experience-into-qualifications#the-role-of-nep-and-ncrf,0,78,0%,7.31
https://www.msu.edu.in/blog/how-is-the-higher-education-industry-responding-to-the-skills-gap,0,74,0%,11.14
https://www.msu.edu.in/blog/know-all-about-apprenticeship-embedded-degree-programs-and-their-benefits#difference-between-regular-degrees-and-apprenticeship-embedded-programs,0,73,0%,6.84
https://www.msu.edu.in/blog/accelerated-skill-mba-a-game-changer-for-working-professionals#specializations-for-future-industry-leaders,0,72,0%,7.25
https://www.msu.edu.in/blog/from-msu-to-milan-adityas-inspiring-leap-into-luxury-brand-management,0,68,0%,6.24
https://www.msu.edu.in/blog/experience-and-explore-skill-electives-field-trips-at-medhavi-skills-university,0,64,0%,9.84
https://www.msu.edu.in/blog/microbiology-specialist-university-in-sikkim,0,63,0%,7.41
https://www.msu.edu.in/blog/lights-camera-skills-medhavi-skills-challenge-brings-live-demonstrations-to-the-stage,0,62,0%,6.69
https://www.msu.edu.in/blog/why-work-integrated-skill-based-higher-education-(wise)-is-the-need-of-the-hour.,0,61,0%,5.64
"https://www.msu.edu.in/blog/build-a-career-in-software-development-:-education,-opportunities,-and-salary-insights",0,61,0%,8.1
https://www.msu.edu.in/blog/five-reasons-to-pursue-a-bsc-in-dialysis-technology-degree-at-medhavi-skills-university,0,60,0%,4.12
https://www.msu.edu.in/blog/build-your-career-in-clinical-psychology-education-opportunities-and-salary-insights#skills-required-for-a-successful-career-in-clinical-psychology,0,59,0%,5.12
https://www.msu.edu.in/blog/recognition-of-prior-learning-turning-experience-into-qualifications#how-rpl-benefits-professionals,0,59,0%,6.98
https://www.msu.edu.in/blog/know-all-about-apprenticeship-embedded-degree-programs-and-their-benefits#understanding-apprenticeship-schemes,0,58,0%,6.76
https://www.msu.edu.in/blog/chro-future-ready-teams-work-integrated-degree-programmes,0,58,0%,7.52
https://www.msu.edu.in/blog/business-roi-industry-integrated-education-employers,0,58,0%,9.5
https://www.msu.edu.in/blog/build-your-career-in-clinical-psychology-education-opportunities-and-salary-insights#career-progression-after-graduating-with-bsc-in-clinical-psychology,0,54,0%,4.93
https://www.msu.edu.in/blog/shape-your-futuristic-career-with-new-age-interior-design-courses,0,54,0%,8.35
https://www.msu.edu.in/blog/ugcs-revamped-curriculum-and-credit-method-a-detailed-analysis#how-ugcs-new-credit-system-works,0,53,0%,6.87
https://www.msu.edu.in/blog/why-an-integrated-btech-in-ai-ml-with-polaris-school-of-technology-is-the-smartest-path-to-a-future-proof-tech-career#important-skills-you-will-learn,0,51,0%,6.22
https://www.msu.edu.in/blog?page=8,0,47,0%,5.62
https://www.msu.edu.in/blog/full-time-vs-part-time-mba-which-suits-you#full-time-mba-immerse-yourself-in-intensive-learning,0,47,0%,8.32
https://www.msu.edu.in/blog/full-time-vs-part-time-mba-which-suits-you#part-time-mba-balancing-learning-and-workpros,0,47,0%,8.32
https://www.msu.edu.in/blog/campus/health-science-and-technology,0,47,0%,9.68
https://www.msu.edu.in/blog/top-in-demand-skills-students-must-learn-in-2026#introduction,0,46,0%,6.35
https://www.msu.edu.in/blog/top-in-demand-skills-students-must-learn-in-2026#overview-top-in-demand-skills-students-must-learn-in-2026,0,46,0%,6.35
https://www.msu.edu.in/blog/bsc-hospitality-hotel-administration-sikkim,0,46,0%,6.43
https://www.msu.edu.in/blog/build-your-career-in-clinical-psychology-education-opportunities-and-salary-insights#educational-requirement-for-clinical-psychology-professionals,0,45,0%,5.42
https://www.msu.edu.in/blog/top-in-demand-skills-students-must-learn-in-2026#best-skills-to-learn-for-future-jobs-in-india,0,45,0%,6.27
https://www.msu.edu.in/blog/best-career-options-after-b.sc-in-fashion-designing-&-management,0,45,0%,6.49
https://www.msu.edu.in/blog/pathology-lab-assistant-university-in-sikkim,0,44,0%,4.98
https://www.msu.edu.in/blog/the-future-of-work-based-learning-programs-unlocking-success-in-the-modern-era,0,44,0%,12.09
https://www.msu.edu.in/blog/best-university-in-sikkim#postgraduate-programmes,0,42,0%,6.62
https://www.msu.edu.in/blog/best-university-in-sikkim#undergraduate-programmes,0,42,0%,6.62
https://www.msu.edu.in/blog/build-your-career-in-clinical-psychology-education-opportunities-and-salary-insights#what-is-clinical-psychology,0,40,0%,5.2
https://www.msu.edu.in/blog/top-exciting-new-age-careers-you-can-choose-in-2023,0,40,0%,6.3
https://www.msu.edu.in/blog/mba-for-executives:-a-look-at-the-trending-specializations-of-2024,0,39,0%,7.1
https://www.msu.edu.in/blog/work-integrated-frontline-workforce-upskilling,0,38,0%,6.82
https://www.msu.edu.in/blog/campus/school-of-computer-science-and-engineering,0,38,0%,7.45
https://www.msu.edu.in/blog/students-showcase,0,38,0%,34.05
https://www.msu.edu.in/blog/design-meets-business-inside-msus-bba-in-jewellery-design-management#career-prospects-in-jewellery-design-and-management,0,37,0%,6.05
https://www.msu.edu.in/blog/design-meets-business-inside-msus-bba-in-jewellery-design-management#why-pursue-a-bba-in-jewellery-design-and-management-,0,37,0%,6.05
https://www.msu.edu.in/blog/community-engagement-at-medhavi-skills-university-promoting-skills-and-employability,0,35,0%,7.8
https://www.msu.edu.in/blog/why-should-you-be-taking-paramedical-courses-in-india#medical-lab-technician-mlt-course,0,35,0%,10.14
https://www.msu.edu.in/blog/why-should-you-be-taking-paramedical-courses-in-india#why-should-you-choose-the-paramedical-courses,0,35,0%,10.14
https://www.msu.edu.in/blog/ceo-chro-apprenticeship-degree-skill-gap-india,0,34,0%,9.24
https://www.msu.edu.in/blog/power-of-storytelling-in-marketing-how-an-mba-in-marketing-can-help-you-stand-out,0,34,0%,9.41
https://www.msu.edu.in/blog/why-should-you-be-taking-paramedical-courses-in-india#radiology-and-imaging-technology,0,34,0%,10.15
https://www.msu.edu.in/blog/exploring-social-problems-and-science-through-practical-learning,0,34,0%,11.62
https://www.msu.edu.in/blog/how-do-i-get-financial-assistance-at-msu#eligibility-criteria-for-msu-financial-assistance,0,32,0%,7.12
https://www.msu.edu.in/blog/how-do-i-get-financial-assistance-at-msu#what-is-the-medhavi-scholarship-and-aptitude-test-msat-and-how-to-take-it,0,32,0%,7.12
https://www.msu.edu.in/blog/how-do-i-get-financial-assistance-at-msu#step-by-step-process-to-apply-for-financial-assistance,0,30,0%,7.13
https://www.msu.edu.in/blog/design-meets-business-inside-msus-bba-in-jewellery-design-management#curriculum-structure-a-harmonious-mlange-of-business-and-art,0,29,0%,6.28
https://www.msu.edu.in/blog/why-germany-is-the-best-destination-for-indian-nurses-in-2026#a-healthcare-system-that-values-excellence,0,28,0%,9.11
https://www.msu.edu.in/blog/why-germany-is-the-best-destination-for-indian-nurses-in-2026#attractive-salary-packages-and-job-security,0,28,0%,9.11
https://www.msu.edu.in/blog/why-germany-is-the-best-destination-for-indian-nurses-in-2026#huge-demand-for-skilled-nurses,0,28,0%,9.11
https://www.msu.edu.in/blog/why-germany-is-the-best-destination-for-indian-nurses-in-2026#recognition-of-indian-qualifications-and-training,0,28,0%,9.11
https://www.msu.edu.in/blog/why-germany-is-the-best-destination-for-indian-nurses-in-2026#work-life-balance-and-cultural-inclusion,0,28,0%,9.11
https://www.msu.edu.in/blog/full-time-vs-part-time-mba-which-suits-you#best-mba-courses-for-you-finding-your-path-to-success,0,27,0%,8.56
https://www.msu.edu.in/blog/full-time-vs-part-time-mba-which-suits-you#how-to-choose-the-best-mba-program-for-you,0,27,0%,8.56
https://www.msu.edu.in/blog/get-100-scholarships-and-financial-aid-at-medhavi-skills-university-for-your-higher-education#chancellors-scholarship-recognizing-service-and-distinction,0,24,0%,4.83
https://www.msu.edu.in/blog/get-100-scholarships-and-financial-aid-at-medhavi-skills-university-for-your-higher-education#empowering-access-to-quality-education,0,24,0%,4.83
https://www.msu.edu.in/blog?page=9,0,24,0%,5.96
https://www.msu.edu.in/blog/beyond-the-degree-preparing-change-makers-for-the-world-of-infinite-possibilities,0,23,0%,10.35
https://www.msu.edu.in/blog/career-options-after-12th-commerce-without-maths,0,21,0%,1
https://www.msu.edu.in/blog/how-to-check-cuet-ug-2025-result-and-unlock-scholarship-opportunities-at-medhavi-skills-university#next-steps-after-cuet-ug-2025-results,0,21,0%,4
https://www.msu.edu.in/blog/how-to-check-cuet-ug-2025-result-and-unlock-scholarship-opportunities-at-medhavi-skills-university#why-medhavi-skills-university,0,21,0%,4
https://www.msu.edu.in/blog/get-100-scholarships-and-financial-aid-at-medhavi-skills-university-for-your-higher-education#merit-based-scholarships-recognizing-academic-excellence,0,21,0%,4.9
https://www.msu.edu.in/blog/wise,0,21,0%,9.52
https://www.msu.edu.in/blog?page=4,0,21,0%,20.14
https://www.msu.edu.in/blog/here-s-how-medhavi-skills-university-and-emversity-are-redefining-medical-lab-technolog-education,0,20,0%,2.3
https://www.msu.edu.in/blog/accelerated-skill-mba-a-game-changer-for-working-professionals#why-choose-a-mba,0,20,0%,7
https://www.msu.edu.in/blog/skills-and-labs-that-make-a-b-tech-computer-science-graduate-industry-ready#core-technical-skills-every-btech-cse-graduate-must-have,0,20,0%,7.3
https://www.msu.edu.in/blog/skills-and-labs-that-make-a-b-tech-computer-science-graduate-industry-ready#why-industry-ready-skills-matter-for-btech-cse-students,0,20,0%,7.3
https://www.msu.edu.in/blog/how-ai-will-shape-the-future-of-the-healthcare-industry,0,20,0%,17.45
https://www.msu.edu.in/blog/skill-university-vs-traditional-university-which-is-better-in-2026#advantages-of-skill-universities-in-2026,0,19,0%,3.21
https://www.msu.edu.in/blog/skill-university-vs-traditional-university-which-is-better-in-2026#key-differences-between-skill-university-and-traditional-university,0,19,0%,3.21
https://www.msu.edu.in/blog/skill-university-vs-traditional-university-which-is-better-in-2026#role-of-nep-2026-in-transforming-higher-education,0,19,0%,3.21
https://www.msu.edu.in/blog/a-day-in-the-life-of-a-student-at-medhavi-skills-university-smart-classrooms-advanced-laboratories-digital-learning-and-more#late-morning-advanced-laboratories-and-hands-on-sessions,0,19,0%,5.37
https://www.msu.edu.in/blog/a-day-in-the-life-of-a-student-at-medhavi-skills-university-smart-classrooms-advanced-laboratories-digital-learning-and-more#morning-smart-classrooms-ignite-learning,0,19,0%,5.37
https://www.msu.edu.in/blog/cbse-board-class-12-result-2025:-a-milestone-moment-&-the-road-ahead,0,19,0%,8.21
https://www.msu.edu.in/blog/how-students-are-learning-english-differently-at-msu,0,19,0%,9.26
https://www.msu.edu.in/blog/essential-skills-every-emergency-medical-technician-must-master#top-7-essential-skills-every-emergency-medical-technician-should-master,0,18,0%,5.83
https://www.msu.edu.in/blog/courses-after-12th-global-career-opportunities#international-business-and-management-courses,0,18,0%,6
https://www.msu.edu.in/blog/courses-after-12th-global-career-opportunities#top-courses-after-12th-with-global-career-scope,0,18,0%,6
https://www.msu.edu.in/blog/courses-after-12th-global-career-opportunities#why-global-career-opportunities-are-attracting-students,0,18,0%,6
https://www.msu.edu.in/blog/nss,0,18,0%,25.78
https://www.msu.edu.in/blog/how-to-check-cuet-ug-2025-result-and-unlock-scholarship-opportunities-at-medhavi-skills-university#how-to-download-cuet-ug-results,0,17,0%,4
https://www.msu.edu.in/blog/how-to-check-cuet-ug-2025-result-and-unlock-scholarship-opportunities-at-medhavi-skills-university#understanding-the-cuet-ug-scorecard,0,17,0%,4
https://www.msu.edu.in/blog/essential-skills-every-emergency-medical-technician-must-master#what-is-an-emergency-medical-technician,0,17,0%,5.94
https://www.msu.edu.in/blog/skills-and-labs-that-make-a-b-tech-computer-science-graduate-industry-ready#a-unique-teaching-methodology-for-b-tech-computer-science,0,17,0%,7.18
https://www.msu.edu.in/blog/skills-and-labs-that-make-a-b-tech-computer-science-graduate-industry-ready#b-tech-computer-science-salary-in-india,0,17,0%,7.18
https://www.msu.edu.in/blog/skills-and-labs-that-make-a-b-tech-computer-science-graduate-industry-ready#what-are-the-eligibility-and-requirements-for-pursuing-an-honors-degree,0,17,0%,7.18
https://www.msu.edu.in/blog/a-day-in-the-life-of-a-student-at-medhavi-skills-university-smart-classrooms-advanced-laboratories-digital-learning-and-more#evening-sports-wellness-and-student-driven-learning,0,16,0%,5.56
https://www.msu.edu.in/blog/german-language-requirements-for-nursing-jobs-in-germany-for-indians-a1-to-b2,0,15,0%,2.87
https://www.msu.edu.in/blog/barbeque-nation-and-msu-launch-dvoc-in-hospitality-and-restaurant-operations-to-drive-workforce-upskilling-in-hospitality#upskilling-in-the-hospitality-sector-in-india-why-the-dvoc-in-hospitality-and-restaurant-operations-matters,0,15,0%,4.93
https://www.msu.edu.in/blog/barbeque-nation-and-msu-launch-dvoc-in-hospitality-and-restaurant-operations-to-drive-workforce-upskilling-in-hospitality#what-makes-the-dvoc-program-stand-out,0,15,0%,4.93
https://www.msu.edu.in/blog/courses-after-12th-global-career-opportunities#aviation-and-airport-management-career-prospects,0,15,0%,5.73
https://www.msu.edu.in/blog/courses-after-12th-global-career-opportunities#data-science-and-artificial-intelligence-career-opportunities-worldwide,0,15,0%,5.73
https://www.msu.edu.in/blog/courses-after-12th-global-career-opportunities#hospitality-and-tourism-management-careers-abroad,0,15,0%,5.73
https://www.msu.edu.in/blog/courses-after-12th-global-career-opportunities#what-makes-a-course-internationally-recognised,0,15,0%,5.73
https://www.msu.edu.in/blog/shape-your-futuristic-career-with-new-age-interior-design-courses.,0,15,0%,6.8
https://www.msu.edu.in/blog/from-lab-practice-to-life-saving-action-career-pathways-after-emergency-medical-technology#be-the-lifeline-excel-in-emergency-medical-technology,0,15,0%,8.67
https://www.msu.edu.in/blog/from-lab-practice-to-life-saving-action-career-pathways-after-emergency-medical-technology#subjects-covered-in-the-emt-program,0,15,0%,8.67
https://www.msu.edu.in/blog/barbeque-nation-and-msu-launch-dvoc-in-hospitality-and-restaurant-operations-to-drive-workforce-upskilling-in-hospitality#core-competencies-your-team-will-acquire,0,14,0%,4.86
https://www.msu.edu.in/blog/barbeque-nation-and-msu-launch-dvoc-in-hospitality-and-restaurant-operations-to-drive-workforce-upskilling-in-hospitality#hospitality-sector-a-growing-opportunity-facing-persistent-challenges,0,14,0%,4.86
https://www.msu.edu.in/blog/barbeque-nation-and-msu-launch-dvoc-in-hospitality-and-restaurant-operations-to-drive-workforce-upskilling-in-hospitality#why-choose-medhavi-skills-university,0,14,0%,4.86
https://www.msu.edu.in/blog/barbeque-nation-and-msu-launch-dvoc-in-hospitality-and-restaurant-operations-to-drive-workforce-upskilling-in-hospitality#why-upskilling-is-a-business-imperative,0,14,0%,4.86
https://www.msu.edu.in/blog/from-lab-practice-to-life-saving-action-career-pathways-after-emergency-medical-technology#infrastructure-and-facilities,0,14,0%,9.14
https://www.msu.edu.in/blog/from-lab-practice-to-life-saving-action-career-pathways-after-emergency-medical-technology#why-you-should-choose-medhavi-university,0,14,0%,9.14
https://www.msu.edu.in/blog/what-is-the-testas-exam-complete-guide-for-indian-students#why-is-the-testas-exam-important,0,13,0%,7.62
https://www.msu.edu.in/blog/pharmacy-courses-after-12th-b-pharm-d-pharm-and-scope,0,12,0%,1
https://www.msu.edu.in/blog/medhavi-skills-university-concludes-a-thrilling-three-day-sports-extravaganza,0,12,0%,6
https://www.msu.edu.in/blog/inside-the-labs-exploring-top-allied-health-sciences-careers-after-12th#skills-required-to-succeed-in-allied-health-careers,0,12,0%,7
https://www.msu.edu.in/blog/inside-the-labs-exploring-top-allied-health-sciences-careers-after-12th#top-emerging-careers-in-allied-health-sciences,0,12,0%,7
https://www.msu.edu.in/blog/inside-the-labs-exploring-top-allied-health-sciences-careers-after-12th#what-are-allied-health-sciences,0,12,0%,7
https://www.msu.edu.in/blog/inside-the-labs-exploring-top-allied-health-sciences-careers-after-12th#why-allied-health-careers-are-growing-rapidly,0,12,0%,7
https://www.msu.edu.in/blog/semester-chronicles:-celebrating-the-past-and-embarking-the-new-chapter-at-msu,0,12,0%,7.25
https://www.msu.edu.in/blog?page=3,0,12,0%,10.17
https://www.msu.edu.in/blog/Why-Skill-Based-Education-is-Important-in-This-Era,0,12,0%,38.17
https://www.msu.edu.in/blog/how-to-register-and-prepare-for-the-testas-exam#how-to-prepare-for-the-testas-exam,0,11,0%,6
https://www.msu.edu.in/blog/top-mba-specializations-to-choose-from-in-2024-1,0,11,0%,10.18
https://www.msu.edu.in/blog/pharmacy-courses-after-th-b-pharm-d-pharm-and-career-scope,0,10,0%,1
https://www.msu.edu.in/blog/diploma-vs-degree-after-12th-whats-better-for-your-career/,0,10,0%,1.6
https://www.msu.edu.in/blog/essential-skills-every-emergency-medical-technician-must-master#skills-students-acquire-after-completing-emergency-medical-technology-at-msu,0,10,0%,5
https://www.msu.edu.in/blog/what-is-the-testas-exam-complete-guide-for-indian-students#test-format-and-duration,0,10,0%,6.9
https://www.msu.edu.in/blog/hospitality-students-serve-up-success-in-inaugural-restaurant-launch,0,10,0%,7.8
https://www.msu.edu.in/blog/essential-skills-every-emergency-medical-technician-must-master#a-student-experience-practical-learning,0,9,0%,5.11
https://www.msu.edu.in/blog/how-ai-will-shape-the-future-of-the-healthcare-industry/,0,9,0%,7
https://www.msu.edu.in/blog/a-day-of-writing-club-at-skill-drill-medhavi-skills-university,0,9,0%,7.11
https://www.msu.edu.in/blog/campus/school-of-management-and-commerce,0,9,0%,7.78
https://www.msu.edu.in/blog/what-is-the-testas-exam-complete-guide-for-indian-students#how-to-register-for-testas-in-india,0,9,0%,8.11
https://www.msu.edu.in/blog/why-a-career-in-pharmacy-is-a-smart-move-in-2025-trends-opportunities-future-scope#dpharm-vs-bpharm-which-one-is-right-for-you,0,9,0%,10.78
https://www.msu.edu.in/blog/why-a-career-in-pharmacy-is-a-smart-move-in-2025-trends-opportunities-future-scope#what-is-bpharm-more-than-just-medicines,0,9,0%,10.78
https://www.msu.edu.in/blog/gate-xh-for-humanities-iits,0,8,0%,1
https://www.msu.edu.in/blog/pharmacy-courses-after-12th-b-pharm-d-pharm-and-career-scope/,0,8,0%,1
https://www.msu.edu.in/blog/top-healthcare-courses-after-nursing-pharmacy-and-allied-health-career,0,8,0%,1
https://www.msu.edu.in/blog/top-paramedical-courses-after-high-salary-potential,0,8,0%,1
https://www.msu.edu.in/blog/impact-of-industry-integrated-education-on-students-career-success#bridging-the-gap-between-academia-and-industry,0,8,0%,5.62
https://www.msu.edu.in/blog/impact-of-industry-integrated-education-on-students-career-success#what-is-industry-integrated-programmes,0,8,0%,5.62
https://www.msu.edu.in/blog/impact-of-industry-integrated-education-on-students-career-success#why-industry-integrated-programmes-are-the-future,0,8,0%,5.62
https://www.msu.edu.in/blog/on-the-job-training-the-secret-to-building-industry-ready-skills#some-key-features-of-on-the-job-training-ojt-or-on-the-job-learning-ojl,0,8,0%,5.88
https://www.msu.edu.in/blog/on-the-job-training-the-secret-to-building-industry-ready-skills#what-is-on-the-job-training-ojt-or-on-the-job-learning-ojl,0,8,0%,5.88
https://www.msu.edu.in/blog/how-to-register-and-prepare-for-the-testas-exam#steps-to-follow-for-testas-registration,0,8,0%,6.38
https://www.msu.edu.in/blog/culinary-arts-students-on-market-survey-mission-at-singtam-bazar,0,8,0%,6.88
https://www.msu.edu.in/blog/top-mba-specializations-to-choose-from-in-2023,0,8,0%,9.62
https://www.msu.edu.in/blog/why-a-career-in-pharmacy-is-a-smart-move-in-2025-trends-opportunities-future-scope#what-will-you-study-a-peek-into-the-bpharm-curriculum-at-msu-sikkim-learning-is-practical-and-industry-driven,0,8,0%,10.88
https://www.msu.edu.in/blog/culinary-arts-students-on-market-survey-mission-at-singtam-bazar.,0,8,0%,11.25
https://www.msu.edu.in/blog/wise/industry-and-skills-insights,0,8,0%,17
https://www.msu.edu.in/blog/diploma-vs-degree-whats-better-for-your-career,0,7,0%,1.29
https://www.msu.edu.in/blog/top-paramedical-courses-after-12th,0,7,0%,1.57
https://www.msu.edu.in/blog/on-the-job-training-the-secret-to-building-industry-ready-skills#why-ojt-or-ojl-is-a-game-changer-for-career-ready-education,0,7,0%,5.57
https://www.msu.edu.in/blog/voices-from-campus:-exploring-diverse-perspectives-of-students-and-faculties,0,7,0%,5.71
https://www.msu.edu.in/blog/campus ,0,7,0%,5.86
https://www.msu.edu.in/blog/why-paramedical-industry-is-a-great-career-choice-after-12th#high-demand-,0,7,0%,8.43
https://www.msu.edu.in/blog/why-paramedical-industry-is-a-great-career-choice-after-12th#high-salary-,0,7,0%,8.43
https://www.msu.edu.in/blog/why-paramedical-industry-is-a-great-career-choice-after-12th#job-stability-,0,7,0%,8.43
https://www.msu.edu.in/blog/the-psychology-of-learning:-understanding-how-students-learn-best,0,7,0%,14
https://www.msu.edu.in/blog/diploma-vs-degree-after-12th-what-s-better-for-your-career/,0,6,0%,1
https://www.msu.edu.in/blog/pharmacy-courses-after-b-pharm-d-pharm-and-career-scope,0,6,0%,1
https://www.msu.edu.in/blog/top-career-opportunities-after-a-bsc-in-medical-laboratory-technology,0,6,0%,1
https://www.msu.edu.in/blog/top-in-demand-skills-students-must-learn-in-2026/,0,6,0%,1
https://www.msu.edu.in/blog/top-paramedical-courses-after-12th-with-high-salary-potential/,0,6,0%,1
https://www.msu.edu.in/blog/how-to-register-and-prepare-for-the-testas-exam#understanding-the-testas-exam,0,6,0%,5.17
https://www.msu.edu.in/blog/heres-how-msu-offers-one-of-indias-most-practical-hotel-management-degrees#expert-faculty-and-personal-attention,0,6,0%,7.67
https://www.msu.edu.in/blog/heres-how-msu-offers-one-of-indias-most-practical-hotel-management-degrees#practical-experience-at-leading-hospitality-brands,0,6,0%,7.67
https://www.msu.edu.in/blog/heres-how-msu-offers-one-of-indias-most-practical-hotel-management-degrees#real-guest-scenarios-that-cultivate-global-competence,0,6,0%,7.67
https://www.msu.edu.in/blog/government-schools-lose-86-lakh-students-private-school-enrolment#a-significant-drop-in-government-school-enrolment,0,6,0%,8.17
https://www.msu.edu.in/blog/government-schools-lose-86-lakh-students-private-school-enrolment#challenges-facing-government-schools,0,6,0%,8.17
https://www.msu.edu.in/blog/government-schools-lose-86-lakh-students-private-school-enrolment#key-reasons-behind-the-shift,0,6,0%,8.17
https://www.msu.edu.in/blog/government-schools-lose-86-lakh-students-private-school-enrolment#parents-shift-towards-private-schools-as-government-school-enrolment-falls,0,6,0%,8.17
https://www.msu.edu.in/blog/government-schools-lose-86-lakh-students-private-school-enrolment#why-are-parents-choosing-private-schools,0,6,0%,8.17
https://www.msu.edu.in/blog/the-future-of-higher-education-understanding-the-impact-of-nep-2020,0,6,0%,9.17
https://www.msu.edu.in/blog/courses-after-12th-arts-high-growth-fields-you-should-consider,0,5,0%,1
https://www.msu.edu.in/blog/gate-xh-for-iits,0,5,0%,1
https://www.msu.edu.in/blog/why-skill-based-education-is-important-in-this-era/,0,5,0%,8
https://www.msu.edu.in/blog/campus/education-insights,0,5,0%,21.8
https://www.msu.edu.in/blog/best-career-options-after-12th,0,4,0%,1
https://www.msu.edu.in/blog/career-options-after-12th-science-pcb-medical-and-non-medical-paths-explained/,0,4,0%,1.25
https://www.msu.edu.in/blog/diploma-vs-degree-what-s-better-for-your-career,0,4,0%,2
https://www.msu.edu.in/blog/why-a-bvoc-in-fashion-design-is-your-gateway-to-a-glamorous-and-global-career#why-choose-a-bvoc-in-fashion-design,0,4,0%,2.5
https://www.msu.edu.in/blog?page=18,0,4,0%,5.75
https://www.msu.edu.in/blog?page=23,0,4,0%,7
https://www.msu.edu.in/blog/best-career-options-after-12th-in-2026-complete-guide-for-sections,0,3,0%,1
https://www.msu.edu.in/blog/computer-science-courses-after-12th-btech-emerging-careers,0,3,0%,1
https://www.msu.edu.in/blog/high-growth-fields-you-should-consider,0,3,0%,1
https://www.msu.edu.in/blog/hospitality-and-hotel-management-courses-after-12th,0,3,0%,1
https://www.msu.edu.in/blog/how-to-choose-the-right-career-path-after-12th-a-complete-guide-for-2026/,0,3,0%,1
https://www.msu.edu.in/blog/is-bba-in-hospital-administration-a-good-career-choice/,0,3,0%,1
https://www.msu.edu.in/blog/outstanding-career-options-after-bca,0,3,0%,1
https://www.msu.edu.in/blog/outstanding-career-options-after-bca-in-2026/,0,3,0%,1
https://www.msu.edu.in/blog/top-paramedical-courses-after-12th-high-salary-potential,0,3,0%,1
https://www.msu.edu.in/blog/top-paramedical-courses-after-12th-with-high-salary,0,3,0%,1
https://www.msu.edu.in/blog/why-germany-is-the-best-destination-for-indian-nurses-in-2026/,0,3,0%,1
https://www.msu.edu.in/blog/top-paramedical-courses-after-12th-nursing-pharmacy-and-allied-health-career,0,3,0%,2.33
https://www.msu.edu.in/blog/why-a-bvoc-in-fashion-design-is-your-gateway-to-a-glamorous-and-global-career#core-competencies-youll-gain,0,3,0%,2.67
https://www.msu.edu.in/blog/top-career-opportunities-after-a-bsc-in-medical-lab-technologist,0,3,0%,3
https://www.msu.edu.in/blog/unleashing-the-power-of-words-medhavi-skills-university’s-creative-writing-skill-drill-celebrates-world-poetry-day,0,3,0%,5.33
https://www.msu.edu.in/blog/campus/school-of-hospitality-and-tourism,0,3,0%,6
https://www.msu.edu.in/blog/campus/college-of-nursing,0,3,0%,7.33
https://www.msu.edu.in/blog/why-a-bba-in-business-management-with-aimer-business-school-is-your-launchpad-to-an-industry-ready-career#core-competencies-youll-master,0,3,0%,8.33
https://www.msu.edu.in/blog/why-a-bba-in-business-management-with-aimer-business-school-is-your-launchpad-to-an-industry-ready-career#what-makes-aimer-business-schools-bba-program-different,0,3,0%,8.33
https://www.msu.edu.in/blog/why-a-bba-in-business-management-with-aimer-business-school-is-your-launchpad-to-an-industry-ready-career#why-business-management-skills-are-in-high-demand,0,3,0%,8.33
https://www.msu.edu.in/blog/build-your-future-in-hotel-management-with-msu-and-seven-seas-hotel#a-students-experience-learning-beyond-the-classroom,0,3,0%,8.67
https://www.msu.edu.in/blog/build-your-future-in-hotel-management-with-msu-and-seven-seas-hotel#what-students-gain-from-msus-hotel-management-programme,0,3,0%,8.67
https://www.msu.edu.in/blog/best-career-options-after-12th-in-2026-complete-guide,0,2,0%,1
https://www.msu.edu.in/blog/best-career-options-after-12th-in-2026/,0,2,0%,1
https://www.msu.edu.in/blog/best-career-options-after-12th-top-career-choices-opportunities/,0,2,0%,1
https://www.msu.edu.in/blog/best-career-options-after-12th/,0,2,0%,1
https://www.msu.edu.in/blog/career-options-after-12th-arts/,0,2,0%,1
https://www.msu.edu.in/blog/career-options-after-12th-pcb-medical-and-non-medical-paths-explained,0,2,0%,1
https://www.msu.edu.in/blog/computer-science-courses-after-12th-bca-btech-emerging-careers/,0,2,0%,1
https://www.msu.edu.in/blog/courses-after-12th-commerce-without-maths-best-courses-and-scope,0,2,0%,1
https://www.msu.edu.in/blog/everything-to-know-about-bachelor-of-medical-laboratory-science,0,2,0%,1
https://www.msu.edu.in/blog/how-to-choose-the-right-career-path-after-12th,0,2,0%,1
https://www.msu.edu.in/blog/job-opportunities,0,2,0%,1
https://www.msu.edu.in/blog/pharmacy-course-after-12th-b-pharm-d-pharm-and-career-scope,0,2,0%,1
https://www.msu.edu.in/blog/pharmacy-courses-after-12th,0,2,0%,1
https://www.msu.edu.in/blog/skill-based-course-after-12th-job-opportunities,0,2,0%,1
https://www.msu.edu.in/blog/skill-based-courses-after-12th,0,2,0%,1
https://www.msu.edu.in/blog/skill-based-education-in-india-why-it-s-the-future-after-nep-2026/,0,2,0%,1
https://www.msu.edu.in/blog/skills-and-labs-that-make-a-b-tech-computer-science-graduate-industry-ready/,0,2,0%,1
https://www.msu.edu.in/blog/top-10-healthcare-courses-after-12th-nursing-pharmacy-and-allied-health-career,0,2,0%,1
https://www.msu.edu.in/blog/top-career-opportunities-after-a-bsc-medical-lab-technology,0,2,0%,1
https://www.msu.edu.in/blog/top-healthcare-courses-in-sikkim-high-salary-potential,0,2,0%,1
https://www.msu.edu.in/blog/top-in-demand-skills-students-learn-2026,0,2,0%,1
https://www.msu.edu.in/blog/work-integrated-learning-how-students-earn-while-learn,0,2,0%,1
https://www.msu.edu.in/blog/scaling-skilled-talent-in-indias-automotive-sector-the-yuvashakti-and-msu-success-story#the-challenge-skill-employability-gap,0,2,0%,4.5
https://www.msu.edu.in/blog/scaling-skilled-talent-in-indias-automotive-sector-the-yuvashakti-and-msu-success-story#the-impact-changing-lives-and-industry,0,2,0%,4.5
https://www.msu.edu.in/blog/scaling-skilled-talent-in-indias-automotive-sector-the-yuvashakti-and-msu-success-story#the-solution-a-work-integrated-learning-revolution,0,2,0%,4.5
https://www.msu.edu.in/blog/admissions-at-msu-10-most-common-questions-answered#what-is-the-admission-process-at-medhavi-skills-university,0,2,0%,5
https://www.msu.edu.in/blog/admissions-at-msu-10-most-common-questions-answered#what-makes-medhavi-skills-university-stand-out-as-a-skills-university,0,2,0%,5
https://www.msu.edu.in/blog/the-role-of-work-integrated-learning-in-future-workforce-development#what-is-wise-work-integrated-skill-based-higher-education,0,2,0%,6.5
https://www.msu.edu.in/blog/the-role-of-work-integrated-learning-in-future-workforce-development#what-is-work-integrated-learning,0,2,0%,6.5
https://www.msu.edu.in/blog?page=16,0,2,0%,10
https://www.msu.edu.in/blog/high-paying-courses-after-12th-science-commerce-and-arts-updated-2026#overview-high-paying-courses-after-12th,0,2,0%,12
https://www.msu.edu.in/blog/high-paying-courses-after-12th-science-commerce-and-arts-updated-2026#skill-based-courses-that-offer-fast-career-growth,0,2,0%,12
https://www.msu.edu.in/blog/high-paying-courses-after-12th-science-commerce-and-arts-updated-2026#why-choosing-the-right-course-after-12th-matters-in-2026,0,2,0%,12
https://www.msu.edu.in/blog/b-pharm-d-pharm-and-career-scope,0,1,0%,1
https://www.msu.edu.in/blog/b-tech-vs-b-sc-vs-bca-which-course-should-you-choose-after-12th/,0,1,0%,1
https://www.msu.edu.in/blog/bachelor-of-pharmacy-course-details.html,0,1,0%,1
https://www.msu.edu.in/blog/barbeque-nation-and-msu-launch-dvoc-in-hospitality-and-restaurant-operations-drive-workforce-upskilling-in-hospitality,0,1,0%,1
https://www.msu.edu.in/blog/best-after-12th-career-options-in-2026,0,1,0%,1
https://www.msu.edu.in/blog/best-career-options-after-12th-2026-complete-guide,0,1,0%,1
https://www.msu.edu.in/blog/best-career-options-after-12th-2026-complete-guide-for-sections,0,1,0%,1
https://www.msu.edu.in/blog/best-career-options-after-12th-2026-guide-for-students,0,1,0%,1
https://www.msu.edu.in/blog/best-career-options-after-12th-complete-guide-for-2026,0,1,0%,1
https://www.msu.edu.in/blog/best-career-options-after-12th-complete-guide-for-science-commerce-arts-streams-in-2026/,0,1,0%,1
https://www.msu.edu.in/blog/best-career-options-after-12th-in-2026,0,1,0%,1
https://www.msu.edu.in/blog/best-career-options-after-12th-in-2026-complete-guide-for-nodes/,0,1,0%,1
https://www.msu.edu.in/blog/best-career-options-after-12th-in-2026-complete-guide-for-selection,0,1,0%,1
https://www.msu.edu.in/blog/best-career-options-after-12th-in-2026-complete-guide-for-students/,0,1,0%,1
https://www.msu.edu.in/blog/best-career-options-after-12th-in-2026-complete-guide/,0,1,0%,1
https://www.msu.edu.in/blog/best-career-options-after-12th-in-20th-complete-guide-for-students,0,1,0%,1
https://www.msu.edu.in/blog/best-career-options-after-12th-in-complete-guide-for-students,0,1,0%,1
https://www.msu.edu.in/blog/best-career-options-after-12th-to-consider-after-12th-a-guide-for-students,0,1,0%,1
https://www.msu.edu.in/blog/best-career-options-after-12th-top-career-choices-opportunities,0,1,0%,1
https://www.msu.edu.in/blog/best-career-options-after-2026-complete-guide-for-students,0,1,0%,1
https://www.msu.edu.in/blog/best-career-options-after-de-complete-guide-for-students,0,1,0%,1
https://www.msu.edu.in/blog/best-career-options-after-the-12th-in-2026-complete-guide-for-students,0,1,0%,1
https://www.msu.edu.in/blog/best-career-options-as-of-2026-complete-guide-for-students,0,1,0%,1
https://www.msu.edu.in/blog/best-career-options-in-2026-complete-guide-for-student,0,1,0%,1
https://www.msu.edu.in/blog/best-courses-after-12th-in-2026-complete-guide-for-students,0,1,0%,1
https://www.msu.edu.in/blog/best-expert-courses-after-12th-high-salary-career-options-in-india,0,1,0%,1
https://www.msu.edu.in/blog/best-options-after-12th-in-2026-complete-guide-for-students,0,1,0%,1
https://www.msu.edu.in/blog/blog/pharmacy-courses-after-12th-b-pharm-d-pharm-and-career-scope,0,1,0%,1
https://www.msu.edu.in/blog/bsc-radiology-career-scope/,0,1,0%,1
https://www.msu.edu.in/blog/build-career-in-education-and-certification-requirements,0,1,0%,1
https://www.msu.edu.in/blog/build-career-in-medical-laboratory-technology-education-and-certification-requirements,0,1,0%,1
https://www.msu.edu.in/blog/building-a-career-in-optometry-knowledge-all-about-the-optometry-programme,0,1,0%,1
https://www.msu.edu.in/blog/building-in-optometry,0,1,0%,1
https://www.msu.edu.in/blog/business-and-management/bachelor-of-hotel-management-bhm-courses-career-scope-fees-and-high-scale/index.html,0,1,0%,1
https://www.msu.edu.in/blog/career-options-12th-arts-high-growth-fields-you-should-consider,0,1,0%,1
https://www.msu.edu.in/blog/career-options-after-12-arts,0,1,0%,1
https://www.msu.edu.in/blog/career-options-after-12th-arts-high-growth-fields-type-consider,0,1,0%,1
https://www.msu.edu.in/blog/career-options-after-12th-arts-high-growth-fields-type-considered,0,1,0%,1
https://www.msu.edu.in/blog/career-options-after-12th-arts-high-growth-fields-upon-consider,0,1,0%,1
https://www.msu.edu.in/blog/career-options-after-12th-arts-high-growth-fields-where-arts-graduates-hold-a-natural-edge,0,1,0%,1
https://www.msu.edu.in/blog/career-options-after-12th-arts-high-growth-fields-why-should-consider,0,1,0%,1
https://www.msu.edu.in/blog/career-options-after-12th-arts-high-growth-fields-you-consider.php,0,1,0%,1
https://www.msu.edu.in/blog/career-options-after-12th-arts-high-growth-fields-you-shadow,0,1,0%,1
https://www.msu.edu.in/blog/career-options-after-12th-arts-high-growth-fields-you-should-consider/,0,1,0%,1
https://www.msu.edu.in/blog/career-options-after-12th-arts-high-growth-fields-you-solid-consider,0,1,0%,1
"https://www.msu.edu.in/blog/career-options-after-12th-arts/- 
high-growth-fields-you-should-consider",0,1,0%,1
https://www.msu.edu.in/blog/career-options-after-12th-commerce-without-maths-best-courses-and-series,0,1,0%,1
https://www.msu.edu.in/blog/career-options-after-12th-commerce-without-maths-best-courses-scope,0,1,0%,1
https://www.msu.edu.in/blog/career-options-after-12th-high-growth-fields-you-should-consider,0,1,0%,1
https://www.msu.edu.in/blog/career-options-after-12th-science-pcb--medical-and-non-medical-paths-explained,0,1,0%,1
https://www.msu.edu.in/blog/career-options-after-12th-science-pcb-and-non-medical-paths-explained,0,1,0%,1
https://www.msu.edu.in/blog/career-options-after-arts-high-growth-fields-you-certainly-consider,0,1,0%,1
https://www.msu.edu.in/blog/career-options-after-arts-high-growth-fields-you-should-consider,0,1,0%,1
https://www.msu.edu.in/blog/career-options-after-th-science-pcb-medical-and-non-medical-paths-explained,0,1,0%,1
https://www.msu.edu.in/blog/career-options-for-commerce-students-after-12th-commerce-without-maths,0,1,0%,1
https://www.msu.edu.in/blog/career-pathways-in-bioinformatics-research-pharma-and-bioinformatics,0,1,0%,1
https://www.msu.edu.in/blog/career-prospects-after-studying-b-sc-in-hospitality-hotel-management,0,1,0%,1
https://www.msu.edu.in/blog/career-prospects-after-studying-bsc-in-bsc-hospitality-tourism-management,0,1,0%,1
https://www.msu.edu.in/blog/career-relative-or-general-info,0,1,0%,1
https://www.msu.edu.in/blog/career-scope-after-bsc-dialysis-technology-jobs-hospitals-clinics-home-care,0,1,0%,1
https://www.msu.edu.in/blog/careers-after-12th-arts-high-growth-fields-you-should-consider,0,1,0%,1
https://www.msu.edu.in/blog/careers-in-india-what-you-can-do-with-a-bsc-in-optometry,0,1,0%,1
https://www.msu.edu.in/blog/choosing-the-best-skill-university-in-india-factors-to-consider/,0,1,0%,1
https://www.msu.edu.in/blog/computer-science-after-12th-bca-btech-emerging-careers,0,1,0%,1
https://www.msu.edu.in/blog/computer-science-courses-after-12th,0,1,0%,1
https://www.msu.edu.in/blog/computer-science-courses-after-12th-bca-btech-emergent-careers,0,1,0%,1
https://www.msu.edu.in/blog/computer-science-courses-after-12th-bca-btech-emerning-careers,0,1,0%,1
https://www.msu.edu.in/blog/computer-science-courses-after-th-bca-btech-emerging-careers,0,1,0%,1
https://www.msu.edu.in/blog/computer-science-degree-after-12th-bca-btech-emerging-careers,0,1,0%,1
https://www.msu.edu.in/blog/computer-science-heading-emerging-careers,0,1,0%,1
https://www.msu.edu.in/blog/core-options-after-12th-arts-high-growth-fields-you-should-consider,0,1,0%,1
https://www.msu.edu.in/blog/course-after-12th-arts-high-growth-fields-you-should-consider,0,1,0%,1
https://www.msu.edu.in/blog/courses-after-12th-arts-with-high-salary-2026,0,1,0%,1
https://www.msu.edu.in/blog/courses-after-12th-global-career-opportunities/,0,1,0%,1
https://www.msu.edu.in/blog/data-analysts-business-analysts,0,1,0%,1
https://www.msu.edu.in/blog/diploma-vs-degree-after-whats-better-for-your-career,0,1,0%,1
https://www.msu.edu.in/blog/diploma-vs-degree-whats-better-for-your-career/,0,1,0%,1
https://www.msu.edu.in/blog/essential-skills-every-physiotherapist-have/,0,1,0%,1
https://www.msu.edu.in/blog/everything-You-Need-To-Know-About-Bachelor-of-Medical-Laboratory-Science,0,1,0%,1
https://www.msu.edu.in/blog/everything-you-need-to-know-about-bachelor-of-medical-medical-laboratory-science,0,1,0%,1
https://www.msu.edu.in/blog/everything-you-need-to-know-about-medical-laboratory-science,0,1,0%,1
https://www.msu.edu.in/blog/from-classroom-to-clinic-how-pharmacy-courses-after-12th-open-doors,0,1,0%,1
https://www.msu.edu.in/blog/future-of-business-2026-trends-innovations-and-opportunities-shaping-tomorrow/,0,1,0%,1
https://www.msu.edu.in/blog/future-proof-careers-after-12th-best-future-courses,0,1,0%,1
https://www.msu.edu.in/blog/future-proof-careers-after-12th-courses-that-dominate-the-next-decade,0,1,0%,1
https://www.msu.edu.in/blog/future-proof-careers-after-12th-courses-that-will-dominate-next-decade,0,1,0%,1
https://www.msu.edu.in/blog/future-proof-careers-after-12th-courses-that-will-dominate-the-next-decade/,0,1,0%,1
https://www.msu.edu.in/blog/gate-xh-for-humanities-institutes,0,1,0%,1
https://www.msu.edu.in/blog/gate-xh-for-humanities-scripts,0,1,0%,1
https://www.msu.edu.in/blog/gate-xh-for-humanities-services-iits,0,1,0%,1
https://www.msu.edu.in/blog/gate-xh-for-humanities-students-iits/,0,1,0%,1
https://www.msu.edu.in/blog/gate-xh-for-humanities-subjects-iits,0,1,0%,1
https://www.msu.edu.in/blog/gate-xh-for-humanities-switch,0,1,0%,1
https://www.msu.edu.in/blog/german-language-requirements-for-nursing-jobs-in-germany-for-Indians-a1-to-b2-levels-explained,0,1,0%,1
https://www.msu.edu.in/blog/german-language-requirements-for-nursing-jobs-in-germany-for-indians-a1-to-b2-levels-explained/,0,1,0%,1
https://www.msu.edu.in/blog/global-demand-for-nurses-how-a-sc-in-nursing-opens-international-opportunities,0,1,0%,1
https://www.msu.edu.in/blog/heres-how-medhavi-skills-university-and-emversity-are-redefining-med-technolog-education,0,1,0%,1
https://www.msu.edu.in/blog/hospitality-and-tourism-management,0,1,0%,1
https://www.msu.edu.in/blog/how-a-bca-in-ai-ml-prepares-vous-for-the-data-driven-future,0,1,0%,1
https://www.msu.edu.in/blog/how-apprenticeship-embedded-degree-program-can-revolutionise-higher-education,0,1,0%,1
https://www.msu.edu.in/blog/how-hospitality-industry,0,1,0%,1
https://www.msu.edu.in/blog/how-is-technology-changing-hospitality-industry,0,1,0%,1
https://www.msu.edu.in/blog/how-that-is-changing-the-hospitality-industry,0,1,0%,1
https://www.msu.edu.in/blog/how-to-choose-the-right-career-path-after-12th-a-complete-glass-for-2026,0,1,0%,1
https://www.msu.edu.in/blog/how-to-choose-the-right-career-path-after-12th-a-complete-gray,0,1,0%,1
https://www.msu.edu.in/blog/how-to-choose-the-right-career-path-after-12th/,0,1,0%,1
https://www.msu.edu.in/blog/how-to-choose-the-right-career-path-after-2026,0,1,0%,1
https://www.msu.edu.in/blog/how-work-integrated-programs-fit-into-your-corporate-career,0,1,0%,1
https://www.msu.edu.in/blog/inside-the-lab-critical-skills-every-aspiring-pharmacist-master-while-studying-bpharm,0,1,0%,1
https://www.msu.edu.in/blog/inside-the-labs-exploring-top-allied-health-sciences-careers-after-12th/,0,1,0%,1
https://www.msu.edu.in/blog/job-oriented-courses-after-12th-in-india-2026/,0,1,0%,1
https://www.msu.edu.in/blog/job-oriented-courses-after-12th-job-opportunities,0,1,0%,1
https://www.msu.edu.in/blog/nursing-as-a-career-after-12th-scope-salary-and-opportuniti,0,1,0%,1
https://www.msu.edu.in/blog/nursing-as-a-career-and-scope-salary-and-growth-opportunities,0,1,0%,1
https://www.msu.edu.in/blog/nursing-career-after-12th-scope-salary-and-growth-opportuniti,0,1,0%,1
https://www.msu.edu.in/blog/nursing-carreer-after-12th,0,1,0%,1
https://www.msu.edu.in/blog/nursing-jobs-in-germany-for-indian-nurses-latest-trends-opportunities,0,1,0%,1
https://www.msu.edu.in/blog/nursing-jobs-in-germany-latest-trends-and-opportunities,0,1,0%,1
https://www.msu.edu.in/blog/nursing-jobs-in-indian-nurses-latest-trends-and-opportunities,0,1,0%,1
https://www.msu.edu.in/blog/outstanding-career-options-after-bca-2026,0,1,0%,1
https://www.msu.edu.in/blog/pharm-d-vs-bpharm-career-salary-comparison.html,0,1,0%,1
https://www.msu.edu.in/blog/pharmacy-after-12th-b-pharm-d-pharm-and-career-scope,0,1,0%,1
https://www.msu.edu.in/blog/pharmacy-course-chp,0,1,0%,1
https://www.msu.edu.in/blog/pharmacy-coursed-after-12th-b-pharm-d-pharm-and-career-scope,0,1,0%,1
https://www.msu.edu.in/blog/pharmacy-courses-after-12th-b-pharm-d-pharm-and-caliber-scope,0,1,0%,1
https://www.msu.edu.in/blog/pharmacy-courses-after-12th-b-pharm-d-pharm-and-careers,0,1,0%,1
https://www.msu.edu.in/blog/pharmacy-courses-after-12th-b-pharm-d-pharm-and-cargo-scope,0,1,0%,1
https://www.msu.edu.in/blog/pharmacy-courses-after-12th-b-pharm-d-pharm-and-course-scope,0,1,0%,1
https://www.msu.edu.in/blog/pharmacy-courses-after-12th-b-pharm-d-pharm-and-gang-scope,0,1,0%,1
https://www.msu.edu.in/blog/pharmacy-courses-after-12th-b-pharm-d-pharm-and-gapsh-scope,0,1,0%,1
https://www.msu.edu.in/blog/pharmacy-courses-after-12th-b-pharm-d-pharm-and-house-scope,0,1,0%,1
https://www.msu.edu.in/blog/pharmacy-courses-after-12th-b.pharm-d.pharm-and-career-scope,0,1,0%,1
https://www.msu.edu.in/blog/pharmacy-courses-after-12th-dpharm-bpharm-career-scope/,0,1,0%,1
https://www.msu.edu.in/blog/pharmacy-courses-after-12th/,0,1,0%,1
https://www.msu.edu.in/blog/pharmacy-courses-after-d-pharm-and-career-scope,0,1,0%,1
https://www.msu.edu.in/blog/pharmacy-courses-after-th-bpharm-dpharm-and-career-scope,0,1,0%,1
https://www.msu.edu.in/blog/pharmacy-courses-after-th-bpharm-dpharm-and-career-scope/,0,1,0%,1
https://www.msu.edu.in/blog/psychology-of-learning-how-students-learn-best-for-effective-education,0,1,0%,1
https://www.msu.edu.in/blog/recognition-of-prior-learning-turning-experience-into-qualifications/,0,1,0%,1
https://www.msu.edu.in/blog/seo-manager-social-media-manager,0,1,0%,1
https://www.msu.edu.in/blog/short-term-courses-after-12th-job-opportunities,0,1,0%,1
https://www.msu.edu.in/blog/skill-based-12th-job-opportunities,0,1,0%,1
https://www.msu.edu.in/blog/skill-based-after-12th-job-opportunities,0,1,0%,1
https://www.msu.edu.in/blog/skill-based-courses-after-12th/job-opportunities,0,1,0%,1
https://www.msu.edu.in/blog/skill-based-courses-after-class-12-job-opportunities,0,1,0%,1
https://www.msu.edu.in/blog/skill-based-courses-after-last-12th-job-opportunities,0,1,0%,1
https://www.msu.edu.in/blog/skill-based-courses-based-job-opportunities,0,1,0%,1
https://www.msu.edu.in/blog/skill-based-education-in-india-why-its-the-future-after-nep-2026/,0,1,0%,1
https://www.msu.edu.in/blog/skill-based-education-in-india-why-the-future-after-nep-2026,0,1,0%,1
https://www.msu.edu.in/blog/skill-based-education-in-india-why-v-s-the-future-after-nep-2026,0,1,0%,1
https://www.msu.edu.in/blog/skill-university-vs-traditional-university-which-is-better-in-2026/,0,1,0%,1
https://www.msu.edu.in/blog/skills-degrees-indian-employers-prefer-skills,0,1,0%,1
https://www.msu.edu.in/blog/the-future-of-work-how-technology-is-changing-the-the-workplace,0,1,0%,1
https://www.msu.edu.in/blog/the-role-of-tourism-and-hospitality-industry,0,1,0%,1
https://www.msu.edu.in/blog/the-role-of-work-integrated-learning-future-workforce-development,0,1,0%,1
https://www.msu.edu.in/blog/top-10-health-courses-after-12th-in-india-nursing-pharmacy-and-allied-health-career,0,1,0%,1
https://www.msu.edu.in/blog/top-5-skills-every-finance-student-should-have/,0,1,0%,1
https://www.msu.edu.in/blog/top-career-opportunities-after-a-b-sc-in-medical-laboratory-technology,0,1,0%,1
https://www.msu.edu.in/blog/top-career-options-after-12th-arts-high-growth-fields-you-should-consider,0,1,0%,1
https://www.msu.edu.in/blog/top-haftecare-courses-after-12th-nursing-pharmacy-and-allied-health-career,0,1,0%,1
https://www.msu.edu.in/blog/top-health-courses-after-12th-nursing-pharmacy-and-allied-health-career,0,1,0%,1
https://www.msu.edu.in/blog/top-healthcare-courses-after-12th-in-india-nurse-pharmacy-and-allied-health-career,0,1,0%,1
https://www.msu.edu.in/blog/top-healthcare-courses-after-12th-nursing-pharmacy-and-after-12th-nursing-pharmacy-and-allied-health-career,0,1,0%,1
https://www.msu.edu.in/blog/top-healthcare-courses-after-12th-nursing-pharmacy-and-alex-career,0,1,0%,1
https://www.msu.edu.in/blog/top-healthcare-courses-after-12th-nursing-pharmacy-and-allied-health,0,1,0%,1
https://www.msu.edu.in/blog/top-healthcare-courses-after-12th-nursing-pharmacy-and-allied-health-career/,0,1,0%,1
https://www.msu.edu.in/blog/top-healthcare-courses-after-12th-nursing-pharmacy-and-allied-healthcare-career,0,1,0%,1
https://www.msu.edu.in/blog/top-healthcare-courses-after-12th-nursing-pharmacy-and-altair-health-career,0,1,0%,1
https://www.msu.edu.in/blog/top-healthcare-courses-after-12th-nursing-pharmacy-and-and-allied-health-career,0,1,0%,1
https://www.msu.edu.in/blog/top-healthcare-courses-after-12th-nursing-pharmacy-and-and-career,0,1,0%,1
https://www.msu.edu.in/blog/top-healthcare-courses-after-12th-nursing-pharmacy-and-other-health-career,0,1,0%,1
https://www.msu.edu.in/blog/top-healthcare-courses-after-12th-nursing-pharmacy-and-the-allied-health-career,0,1,0%,1
https://www.msu.edu.in/blog/top-healthcare-courses-after-12thnursing-pharmacy-and-allied-health-career,0,1,0%,1
https://www.msu.edu.in/blog/top-healthcare-courses-after-th-nursing-pharmacy-and-allied-health-career,0,1,0%,1
https://www.msu.edu.in/blog/top-in-demand-skills-2026,0,1,0%,1
https://www.msu.edu.in/blog/top-in-demand-skills-for-students-in-2026,0,1,0%,1
https://www.msu.edu.in/blog/top-in-demand-skills-must-learn-in-2026,0,1,0%,1
https://www.msu.edu.in/blog/top-in-demand-skills-students-for-2026,0,1,0%,1
https://www.msu.edu.in/blog/top-in-demand-skills-students-for-a-successful-future/,0,1,0%,1
https://www.msu.edu.in/blog/top-in-demand-skills-students-must-learn-in-2026-complete-guide,0,1,0%,1
https://www.msu.edu.in/blog/top-in-demand-skills-students-not-learn-in-2026,0,1,0%,1
https://www.msu.edu.in/blog/top-in-demand-skills/,0,1,0%,1
https://www.msu.edu.in/blog/top-line-healthcare-courses-after-12th-nursing-pharmacy-and-allied-health-career,0,1,0%,1
https://www.msu.edu.in/blog/top-options-after-12th-arts-high-growth-fields-you-should-consider,0,1,0%,1
https://www.msu.edu.in/blog/top-paramedial-courses-after-12th-with-high-salary-potential,0,1,0%,1
https://www.msu.edu.in/blog/top-paramedical-courses-after-12th-polytechnic-career-scope,0,1,0%,1
https://www.msu.edu.in/blog/top-paramedical-courses-after-12th-salary-potential,0,1,0%,1
https://www.msu.edu.in/blog/top-paramedical-courses-after-12th-with-high-potential,0,1,0%,1
https://www.msu.edu.in/blog/top-paramedical-courses-after-12th-with-high-spatial-potential,0,1,0%,1
https://www.msu.edu.in/blog/top-paramedical-courses-after-12th-without-neet/,0,1,0%,1
https://www.msu.edu.in/blog/top-paramedical-courses-after-12th/,0,1,0%,1
https://www.msu.edu.in/blog/top-paramedical-courses-after-the-12th-with-high-salary-potential,0,1,0%,1
https://www.msu.edu.in/blog/top-paramedical-courses-after-with-high-salary-potential,0,1,0%,1
https://www.msu.edu.in/blog/top-paramedical-courses-high-salary-potential,0,1,0%,1
https://www.msu.edu.in/blog/top-paramedical-notes-after-12th-with-high-salary-potential,0,1,0%,1
https://www.msu.edu.in/blog/top-paramedicated-courses-after-12th-with-high-salary-potential,0,1,0%,1
https://www.msu.edu.in/blog/top-pharmacy-courses-in-india:-a-comprehensive-guide,0,1,0%,1
https://www.msu.edu.in/blog/top-provide-healthcare-courses-after-12th-nursing-pharmacy-and-allied-health-career,0,1,0%,1
https://www.msu.edu.in/blog/top-reasons-to-pursue-a-bsc-in-in-2025,0,1,0%,1
https://www.msu.edu.in/blog/towards-a-brighter-future-career-as-a-nurse-in-india-scope-salary-growth-opportunities/,0,1,0%,1
https://www.msu.edu.in/blog/types-of-pharmacy-degree,0,1,0%,1
https://www.msu.edu.in/blog/ugcs-revamped-credit-method-a-detailed-analysis,0,1,0%,1
https://www.msu.edu.in/blog/ui-designers-graphic-designers,0,1,0%,1
https://www.msu.edu.in/blog/what-are-the-career-options-if-you-do-not-clear-the-neet-exam-2023/,0,1,0%,1
https://www.msu.edu.in/blog/what-is-a-bachelor-in-optometry-career-ranked-and-opportunities,0,1,0%,1
https://www.msu.edu.in/blog/why-an-integrated-btech-in-ai-ml-with-polaris-school-of-the-smartest-path-to-a-future-proof-tech-career,0,1,0%,1
https://www.msu.edu.in/blog/why-choose-a-career-in-nutrition-and-dietetics-top-benefits-and-opportunities/,0,1,0%,1
https://www.msu.edu.in/blog/why-germany-s-best-destination-for-indian-nurses-in-2026,0,1,0%,1
https://www.msu.edu.in/blog/why-paramedical-industry-is-a-great-career-choice-after-12th/,0,1,0%,1
https://www.msu.edu.in/blog/why-press-a-degree-in-psychology-exploring-career-and-learning-opportunities,0,1,0%,1
https://www.msu.edu.in/blog/work-integrated-learning-how-students-earn-while-you-learn,0,1,0%,1
https://www.msu.edu.in/blog/what-is-the-testas-exam,0,1,0%,2
https://www.msu.edu.in/blog/why-a-bvoc-in-fashion-design-is-your-gateway-to-a-glamorous-and-global-career#indias-fashion-industry-a-powerhouse-of-potential,0,1,0%,2
https://www.msu.edu.in/blog?page=17,0,1,0%,2
https://www.msu.edu.in/blog/best-career-options-after-12th-in-2026-complete-guide-for-student,0,1,0%,3